policy,seed,scenario,num_evs,num_stations,steps,completion_rate,abandoned_rate,average_wait_time,max_queue_length,avg_queue_length,total_travel_distance_km,average_travel_distance_km,average_charging_completion_time,avg_station_utilization,vehicles_served,throughput_per_hour,total_reward,reward,total_system_time,total_travel_time,total_wait,total_charge,completed,abandoned,rl_fallback,model_loaded
greedy,100,low,40,25,43,1.0,0.0,0,0,0.0,0.0,0,0,0.0,0,0.0,-0.0,-0.0,0.0,0.0,0.0,0.0,40,0,False,True
greedy_sequential,100,low,40,25,43,1.0,0.0,0,0,0.0,0.0,0,0,0.0,0,0.0,-0.0,-0.0,0.0,0.0,0.0,0.0,40,0,False,True
nearest,100,low,40,25,43,1.0,0.0,0,0,0.0,0.0,0,0,0.0,0,0.0,-0.0,-0.0,0.0,0.0,0.0,0.0,40,0,False,True
random,100,low,40,25,43,1.0,0.0,0,0,0.0,0.0,0,0,0.0,0,0.0,-0.0,-0.0,0.0,0.0,0.0,0.0,40,0,False,True
rl,100,low,40,25,43,1.0,0.0,0,0,0.0,0.0,0,0,0.0,0,0.0,-0.0,-0.0,0.0,0.0,0.0,0.0,40,0,False,True
greedy,101,low,40,25,30,1.0,0.0,0,0,0.0,0.0,0,0,0.0,0,0.0,-0.0,-0.0,0.0,0.0,0.0,0.0,40,0,False,True
greedy_sequential,101,low,40,25,30,1.0,0.0,0,0,0.0,0.0,0,0,0.0,0,0.0,-0.0,-0.0,0.0,0.0,0.0,0.0,40,0,False,True
nearest,101,low,40,25,30,1.0,0.0,0,0,0.0,0.0,0,0,0.0,0,0.0,-0.0,-0.0,0.0,0.0,0.0,0.0,40,0,False,True
random,101,low,40,25,30,1.0,0.0,0,0,0.0,0.0,0,0,0.0,0,0.0,-0.0,-0.0,0.0,0.0,0.0,0.0,40,0,False,True
rl,101,low,40,25,30,1.0,0.0,0,0,0.0,0.0,0,0,0.0,0,0.0,-0.0,-0.0,0.0,0.0,0.0,0.0,40,0,False,True
greedy,102,low,40,25,38,1.0,0.0,0,0,0.0,0.0,0,0,0.0,0,0.0,-0.0,-0.0,0.0,0.0,0.0,0.0,40,0,False,True
greedy_sequential,102,low,40,25,38,1.0,0.0,0,0,0.0,0.0,0,0,0.0,0,0.0,-0.0,-0.0,0.0,0.0,0.0,0.0,40,0,False,True
nearest,102,low,40,25,38,1.0,0.0,0,0,0.0,0.0,0,0,0.0,0,0.0,-0.0,-0.0,0.0,0.0,0.0,0.0,40,0,False,True
random,102,low,40,25,38,1.0,0.0,0,0,0.0,0.0,0,0,0.0,0,0.0,-0.0,-0.0,0.0,0.0,0.0,0.0,40,0,False,True
rl,102,low,40,25,38,1.0,0.0,0,0,0.0,0.0,0,0,0.0,0,0.0,-0.0,-0.0,0.0,0.0,0.0,0.0,40,0,False,True
greedy,103,low,40,25,42,1.0,0.0,0,0,0.0,0.0,0,0,0.0,0,0.0,-0.0,-0.0,0.0,0.0,0.0,0.0,40,0,False,True
greedy_sequential,103,low,40,25,42,1.0,0.0,0,0,0.0,0.0,0,0,0.0,0,0.0,-0.0,-0.0,0.0,0.0,0.0,0.0,40,0,False,True
nearest,103,low,40,25,42,1.0,0.0,0,0,0.0,0.0,0,0,0.0,0,0.0,-0.0,-0.0,0.0,0.0,0.0,0.0,40,0,False,True
random,103,low,40,25,42,1.0,0.0,0,0,0.0,0.0,0,0,0.0,0,0.0,-0.0,-0.0,0.0,0.0,0.0,0.0,40,0,False,True
rl,103,low,40,25,42,1.0,0.0,0,0,0.0,0.0,0,0,0.0,0,0.0,-0.0,-0.0,0.0,0.0,0.0,0.0,40,0,False,True
greedy,104,low,40,25,44,1.0,0.0,0,0,0.0,0.0,0,0,0.0,0,0.0,-0.0,-0.0,0.0,0.0,0.0,0.0,40,0,False,True
greedy_sequential,104,low,40,25,44,1.0,0.0,0,0,0.0,0.0,0,0,0.0,0,0.0,-0.0,-0.0,0.0,0.0,0.0,0.0,40,0,False,True
nearest,104,low,40,25,44,1.0,0.0,0,0,0.0,0.0,0,0,0.0,0,0.0,-0.0,-0.0,0.0,0.0,0.0,0.0,40,0,False,True
random,104,low,40,25,44,1.0,0.0,0,0,0.0,0.0,0,0,0.0,0,0.0,-0.0,-0.0,0.0,0.0,0.0,0.0,40,0,False,True
rl,104,low,40,25,44,1.0,0.0,0,0,0.0,0.0,0,0,0.0,0,0.0,-0.0,-0.0,0.0,0.0,0.0,0.0,40,0,False,True
greedy,105,low,40,25,32,1.0,0.0,0,0,0.0,0.0,0,0,0.0,0,0.0,-0.0,-0.0,0.0,0.0,0.0,0.0,40,0,False,True
greedy_sequential,105,low,40,25,32,1.0,0.0,0,0,0.0,0.0,0,0,0.0,0,0.0,-0.0,-0.0,0.0,0.0,0.0,0.0,40,0,False,True
nearest,105,low,40,25,32,1.0,0.0,0,0,0.0,0.0,0,0,0.0,0,0.0,-0.0,-0.0,0.0,0.0,0.0,0.0,40,0,False,True
random,105,low,40,25,32,1.0,0.0,0,0,0.0,0.0,0,0,0.0,0,0.0,-0.0,-0.0,0.0,0.0,0.0,0.0,40,0,False,True
rl,105,low,40,25,32,1.0,0.0,0,0,0.0,0.0,0,0,0.0,0,0.0,-0.0,-0.0,0.0,0.0,0.0,0.0,40,0,False,True
greedy,106,low,40,25,30,1.0,0.0,0,0,0.0,0.0,0,0,0.0,0,0.0,-0.0,-0.0,0.0,0.0,0.0,0.0,40,0,False,True
greedy_sequential,106,low,40,25,30,1.0,0.0,0,0,0.0,0.0,0,0,0.0,0,0.0,-0.0,-0.0,0.0,0.0,0.0,0.0,40,0,False,True
nearest,106,low,40,25,30,1.0,0.0,0,0,0.0,0.0,0,0,0.0,0,0.0,-0.0,-0.0,0.0,0.0,0.0,0.0,40,0,False,True
random,106,low,40,25,30,1.0,0.0,0,0,0.0,0.0,0,0,0.0,0,0.0,-0.0,-0.0,0.0,0.0,0.0,0.0,40,0,False,True
rl,106,low,40,25,30,1.0,0.0,0,0,0.0,0.0,0,0,0.0,0,0.0,-0.0,-0.0,0.0,0.0,0.0,0.0,40,0,False,True
greedy,107,low,40,25,33,1.0,0.0,0,0,0.0,0.0,0,0,0.0,0,0.0,-0.0,-0.0,0.0,0.0,0.0,0.0,40,0,False,True
greedy_sequential,107,low,40,25,33,1.0,0.0,0,0,0.0,0.0,0,0,0.0,0,0.0,-0.0,-0.0,0.0,0.0,0.0,0.0,40,0,False,True
nearest,107,low,40,25,33,1.0,0.0,0,0,0.0,0.0,0,0,0.0,0,0.0,-0.0,-0.0,0.0,0.0,0.0,0.0,40,0,False,True
random,107,low,40,25,33,1.0,0.0,0,0,0.0,0.0,0,0,0.0,0,0.0,-0.0,-0.0,0.0,0.0,0.0,0.0,40,0,False,True
rl,107,low,40,25,33,1.0,0.0,0,0,0.0,0.0,0,0,0.0,0,0.0,-0.0,-0.0,0.0,0.0,0.0,0.0,40,0,False,True
greedy,108,low,40,25,33,1.0,0.0,0,0,0.0,0.0,0,0,0.0,0,0.0,-0.0,-0.0,0.0,0.0,0.0,0.0,40,0,False,True
greedy_sequential,108,low,40,25,33,1.0,0.0,0,0,0.0,0.0,0,0,0.0,0,0.0,-0.0,-0.0,0.0,0.0,0.0,0.0,40,0,False,True
nearest,108,low,40,25,33,1.0,0.0,0,0,0.0,0.0,0,0,0.0,0,0.0,-0.0,-0.0,0.0,0.0,0.0,0.0,40,0,False,True
random,108,low,40,25,33,1.0,0.0,0,0,0.0,0.0,0,0,0.0,0,0.0,-0.0,-0.0,0.0,0.0,0.0,0.0,40,0,False,True
rl,108,low,40,25,33,1.0,0.0,0,0,0.0,0.0,0,0,0.0,0,0.0,-0.0,-0.0,0.0,0.0,0.0,0.0,40,0,False,True
greedy,109,low,40,25,99,1.0,0.0,0.0,0,0.0,3.301283292283444,3.301283292283444,3480.0,0.011717171717171716,1,0.6060606060606061,-3840.0,-3840.0,3840.0,360.0,0.0,3480.0,40,0,False,True
greedy_sequential,109,low,40,25,99,1.0,0.0,0.0,0,0.0,3.301283292283444,3.301283292283444,3480.0,0.011717171717171716,1,0.6060606060606061,-3840.0,-3840.0,3840.0,360.0,0.0,3480.0,40,0,False,True
nearest,109,low,40,25,222,1.0,0.0,0.0,0,0.0,3.2894619765839095,3.2894619765839095,10860.0,0.016306306306306306,1,0.27027027027027023,-11220.0,-11220.0,11220.0,360.0,0.0,10860.0,40,0,False,True
random,109,low,40,25,239,1.0,0.0,0.0,0,0.0,7.717924377862093,7.717924377862093,11340.0,0.010543933054393334,1,0.2510460251046025,-12240.0,-12240.0,12240.0,900.0,0.0,11340.0,40,0,False,True
rl,109,low,40,25,99,1.0,0.0,0.0,0,0.0,3.301283292283444,3.301283292283444,3480.0,0.011717171717171716,1,0.6060606060606061,-3840.0,-3840.0,3840.0,360.0,0.0,3480.0,40,0,False,True
greedy,110,low,40,25,38,1.0,0.0,0,0,0.0,0.0,0,0,0.0,0,0.0,-0.0,-0.0,0.0,0.0,0.0,0.0,40,0,False,True
greedy_sequential,110,low,40,25,38,1.0,0.0,0,0,0.0,0.0,0,0,0.0,0,0.0,-0.0,-0.0,0.0,0.0,0.0,0.0,40,0,False,True
nearest,110,low,40,25,38,1.0,0.0,0,0,0.0,0.0,0,0,0.0,0,0.0,-0.0,-0.0,0.0,0.0,0.0,0.0,40,0,False,True
random,110,low,40,25,38,1.0,0.0,0,0,0.0,0.0,0,0,0.0,0,0.0,-0.0,-0.0,0.0,0.0,0.0,0.0,40,0,False,True
rl,110,low,40,25,38,1.0,0.0,0,0,0.0,0.0,0,0,0.0,0,0.0,-0.0,-0.0,0.0,0.0,0.0,0.0,40,0,False,True
greedy,111,low,40,25,32,1.0,0.0,0,0,0.0,0.0,0,0,0.0,0,0.0,-0.0,-0.0,0.0,0.0,0.0,0.0,40,0,False,True
greedy_sequential,111,low,40,25,32,1.0,0.0,0,0,0.0,0.0,0,0,0.0,0,0.0,-0.0,-0.0,0.0,0.0,0.0,0.0,40,0,False,True
nearest,111,low,40,25,32,1.0,0.0,0,0,0.0,0.0,0,0,0.0,0,0.0,-0.0,-0.0,0.0,0.0,0.0,0.0,40,0,False,True
random,111,low,40,25,32,1.0,0.0,0,0,0.0,0.0,0,0,0.0,0,0.0,-0.0,-0.0,0.0,0.0,0.0,0.0,40,0,False,True
rl,111,low,40,25,32,1.0,0.0,0,0,0.0,0.0,0,0,0.0,0,0.0,-0.0,-0.0,0.0,0.0,0.0,0.0,40,0,False,True
greedy,112,low,40,25,30,1.0,0.0,0,0,0.0,0.0,0,0,0.0,0,0.0,-0.0,-0.0,0.0,0.0,0.0,0.0,40,0,False,True
greedy_sequential,112,low,40,25,30,1.0,0.0,0,0,0.0,0.0,0,0,0.0,0,0.0,-0.0,-0.0,0.0,0.0,0.0,0.0,40,0,False,True
nearest,112,low,40,25,30,1.0,0.0,0,0,0.0,0.0,0,0,0.0,0,0.0,-0.0,-0.0,0.0,0.0,0.0,0.0,40,0,False,True
random,112,low,40,25,30,1.0,0.0,0,0,0.0,0.0,0,0,0.0,0,0.0,-0.0,-0.0,0.0,0.0,0.0,0.0,40,0,False,True
rl,112,low,40,25,30,1.0,0.0,0,0,0.0,0.0,0,0,0.0,0,0.0,-0.0,-0.0,0.0,0.0,0.0,0.0,40,0,False,True
greedy,113,low,40,25,37,1.0,0.0,0,0,0.0,0.0,0,0,0.0,0,0.0,-0.0,-0.0,0.0,0.0,0.0,0.0,40,0,False,True
greedy_sequential,113,low,40,25,37,1.0,0.0,0,0,0.0,0.0,0,0,0.0,0,0.0,-0.0,-0.0,0.0,0.0,0.0,0.0,40,0,False,True
nearest,113,low,40,25,37,1.0,0.0,0,0,0.0,0.0,0,0,0.0,0,0.0,-0.0,-0.0,0.0,0.0,0.0,0.0,40,0,False,True
random,113,low,40,25,37,1.0,0.0,0,0,0.0,0.0,0,0,0.0,0,0.0,-0.0,-0.0,0.0,0.0,0.0,0.0,40,0,False,True
rl,113,low,40,25,37,1.0,0.0,0,0,0.0,0.0,0,0,0.0,0,0.0,-0.0,-0.0,0.0,0.0,0.0,0.0,40,0,False,True
greedy,114,low,40,25,37,1.0,0.0,0,0,0.0,0.0,0,0,0.0,0,0.0,-0.0,-0.0,0.0,0.0,0.0,0.0,40,0,False,True
greedy_sequential,114,low,40,25,37,1.0,0.0,0,0,0.0,0.0,0,0,0.0,0,0.0,-0.0,-0.0,0.0,0.0,0.0,0.0,40,0,False,True
nearest,114,low,40,25,37,1.0,0.0,0,0,0.0,0.0,0,0,0.0,0,0.0,-0.0,-0.0,0.0,0.0,0.0,0.0,40,0,False,True
random,114,low,40,25,37,1.0,0.0,0,0,0.0,0.0,0,0,0.0,0,0.0,-0.0,-0.0,0.0,0.0,0.0,0.0,40,0,False,True
rl,114,low,40,25,37,1.0,0.0,0,0,0.0,0.0,0,0,0.0,0,0.0,-0.0,-0.0,0.0,0.0,0.0,0.0,40,0,False,True
greedy,115,low,40,25,38,1.0,0.0,0,0,0.0,0.0,0,0,0.0,0,0.0,-0.0,-0.0,0.0,0.0,0.0,0.0,40,0,False,True
greedy_sequential,115,low,40,25,38,1.0,0.0,0,0,0.0,0.0,0,0,0.0,0,0.0,-0.0,-0.0,0.0,0.0,0.0,0.0,40,0,False,True
nearest,115,low,40,25,38,1.0,0.0,0,0,0.0,0.0,0,0,0.0,0,0.0,-0.0,-0.0,0.0,0.0,0.0,0.0,40,0,False,True
random,115,low,40,25,38,1.0,0.0,0,0,0.0,0.0,0,0,0.0,0,0.0,-0.0,-0.0,0.0,0.0,0.0,0.0,40,0,False,True
rl,115,low,40,25,38,1.0,0.0,0,0,0.0,0.0,0,0,0.0,0,0.0,-0.0,-0.0,0.0,0.0,0.0,0.0,40,0,False,True
greedy,116,low,40,25,34,1.0,0.0,0,0,0.0,0.0,0,0,0.0,0,0.0,-0.0,-0.0,0.0,0.0,0.0,0.0,40,0,False,True
greedy_sequential,116,low,40,25,34,1.0,0.0,0,0,0.0,0.0,0,0,0.0,0,0.0,-0.0,-0.0,0.0,0.0,0.0,0.0,40,0,False,True
nearest,116,low,40,25,34,1.0,0.0,0,0,0.0,0.0,0,0,0.0,0,0.0,-0.0,-0.0,0.0,0.0,0.0,0.0,40,0,False,True
random,116,low,40,25,34,1.0,0.0,0,0,0.0,0.0,0,0,0.0,0,0.0,-0.0,-0.0,0.0,0.0,0.0,0.0,40,0,False,True
rl,116,low,40,25,34,1.0,0.0,0,0,0.0,0.0,0,0,0.0,0,0.0,-0.0,-0.0,0.0,0.0,0.0,0.0,40,0,False,True
greedy,117,low,40,25,28,1.0,0.0,0,0,0.0,0.0,0,0,0.0,0,0.0,-0.0,-0.0,0.0,0.0,0.0,0.0,40,0,False,True
greedy_sequential,117,low,40,25,28,1.0,0.0,0,0,0.0,0.0,0,0,0.0,0,0.0,-0.0,-0.0,0.0,0.0,0.0,0.0,40,0,False,True
nearest,117,low,40,25,28,1.0,0.0,0,0,0.0,0.0,0,0,0.0,0,0.0,-0.0,-0.0,0.0,0.0,0.0,0.0,40,0,False,True
random,117,low,40,25,28,1.0,0.0,0,0,0.0,0.0,0,0,0.0,0,0.0,-0.0,-0.0,0.0,0.0,0.0,0.0,40,0,False,True
rl,117,low,40,25,28,1.0,0.0,0,0,0.0,0.0,0,0,0.0,0,0.0,-0.0,-0.0,0.0,0.0,0.0,0.0,40,0,False,True
greedy,118,low,40,25,31,1.0,0.0,0,0,0.0,0.0,0,0,0.0,0,0.0,-0.0,-0.0,0.0,0.0,0.0,0.0,40,0,False,True
greedy_sequential,118,low,40,25,31,1.0,0.0,0,0,0.0,0.0,0,0,0.0,0,0.0,-0.0,-0.0,0.0,0.0,0.0,0.0,40,0,False,True
nearest,118,low,40,25,31,1.0,0.0,0,0,0.0,0.0,0,0,0.0,0,0.0,-0.0,-0.0,0.0,0.0,0.0,0.0,40,0,False,True
random,118,low,40,25,31,1.0,0.0,0,0,0.0,0.0,0,0,0.0,0,0.0,-0.0,-0.0,0.0,0.0,0.0,0.0,40,0,False,True
rl,118,low,40,25,31,1.0,0.0,0,0,0.0,0.0,0,0,0.0,0,0.0,-0.0,-0.0,0.0,0.0,0.0,0.0,40,0,False,True
greedy,119,low,40,25,34,1.0,0.0,0,0,0.0,0.0,0,0,0.0,0,0.0,-0.0,-0.0,0.0,0.0,0.0,0.0,40,0,False,True
greedy_sequential,119,low,40,25,34,1.0,0.0,0,0,0.0,0.0,0,0,0.0,0,0.0,-0.0,-0.0,0.0,0.0,0.0,0.0,40,0,False,True
nearest,119,low,40,25,34,1.0,0.0,0,0,0.0,0.0,0,0,0.0,0,0.0,-0.0,-0.0,0.0,0.0,0.0,0.0,40,0,False,True
random,119,low,40,25,34,1.0,0.0,0,0,0.0,0.0,0,0,0.0,0,0.0,-0.0,-0.0,0.0,0.0,0.0,0.0,40,0,False,True
rl,119,low,40,25,34,1.0,0.0,0,0,0.0,0.0,0,0,0.0,0,0.0,-0.0,-0.0,0.0,0.0,0.0,0.0,40,0,False,True
greedy,100,medium,100,20,156,1.0,0.0,0.0,0,0.0,30.962362162781425,4.423194594683061,4731.428571428572,0.08918269230769231,7,2.692307692307692,-36600.0,-36600.0,36600.0,3480.0,0.0,33120.0,100,0,False,True
greedy_sequential,100,medium,100,20,169,1.0,0.0,0.0,0,0.0,37.03816675580935,5.291166679401336,5305.714285714285,0.1261094674556213,7,2.485207100591716,-41340.0,-41340.0,41340.0,4200.0,0.0,37140.0,100,0,False,True
nearest,100,medium,100,20,273,1.0,0.0,0.0,0,0.0,25.85117233579045,3.693024619398636,9017.142857142857,0.08156288156288158,7,1.5384615384615385,-65940.0,-65940.0,65940.0,2820.0,0.0,63120.0,100,0,False,True
random,100,medium,100,20,301,1.0,0.0,0.0,0,0.0,59.45819008622139,8.494027155174484,9034.285714285714,0.056118493909191526,7,1.3953488372093024,-70080.0,-70080.0,70080.0,6840.0,0.0,63240.0,100,0,False,True
rl,100,medium,100,20,173,1.0,0.0,0.0,0,0.0,42.16392342956839,6.023417632795485,4791.428571428572,0.11213872832369942,7,2.4277456647398843,-38400.0,-38400.0,38400.0,4860.0,0.0,33540.0,100,0,False,True
greedy,101,medium,100,20,232,1.0,0.0,420.0,2,0.4525862068965517,48.65408994290188,3.2436059961934585,5936.0,0.09340876436781612,15,3.8793103448275863,-100740.0,-100740.0,100740.0,5400.0,6300.0,89040.0,100,0,False,True
greedy_sequential,101,medium,100,20,284,1.0,0.0,0.0,0,0.0,48.779363168333994,3.2519575445555997,7892.0,0.16581572769953046,15,3.169014084507042,-123840.0,-123840.0,123840.0,5460.0,0.0,118380.0,100,0,False,True
nearest,101,medium,100,20,350,0.96,0.0,1060.0,2,0.7571428571428571,19.84767531050566,1.3231783540337108,10875.0,0.19535714285714287,15,2.5714285714285716,-192360.0,-192360.0,192360.0,1920.0,15900.0,174540.0,96,0,False,True
random,101,medium,100,20,350,0.98,0.0,1196.0,1,0.8542857142857143,103.34693677391317,6.889795784927545,9470.76923076923,0.17932142857142852,15,2.5714285714285716,-172440.0,-172440.0,172440.0,11940.0,17940.0,142560.0,98,0,False,True
rl,101,medium,100,20,294,1.0,0.0,324.0,1,0.2755102040816326,56.313855473259565,3.7542570315506376,7812.0,0.1678571428571428,15,3.061224489795918,-128400.0,-128400.0,128400.0,6360.0,4860.0,117180.0,100,0,False,True
greedy,102,medium,100,20,350,0.99,0.0,1965.0,3,1.1228571428571428,20.44854499093584,1.70404541591132,6316.363636363636,0.10671428571428572,12,2.0571428571428574,-100140.0,-100140.0,100140.0,2100.0,23580.0,74460.0,99,0,False,True
greedy_sequential,102,medium,100,20,239,1.0,0.0,0.0,0,0.0,37.034644682403076,3.0862203902002565,6385.0,0.16521966527196652,12,3.01255230125523,-80700.0,-80700.0,80700.0,4080.0,0.0,76620.0,100,0,False,True
nearest,102,medium,100,20,350,0.97,0.0,990.0,3,2.357142857142857,12.68222728299346,1.0568522735827883,10466.666666666666,0.13989285714285715,10,1.7142857142857144,-154800.0,-154800.0,154800.0,1140.0,49500.0,104160.0,97,0,False,True
random,102,medium,100,20,350,0.99,0.0,0.0,0,0.0,91.98317131146597,7.665264275955497,9741.818181818182,0.1275,12,2.0571428571428574,-136200.0,-136200.0,136200.0,10680.0,0.0,125520.0,99,0,False,True
rl,102,medium,100,20,167,1.0,0.0,190.0,1,0.2275449101796407,57.17560636743378,4.764633863952815,5205.0,0.16162674650698602,12,4.311377245508982,-71280.0,-71280.0,71280.0,6540.0,2280.0,62460.0,100,0,False,True
greedy,103,medium,100,20,203,1.0,0.0,516.0,2,0.6354679802955665,30.913187441073717,2.0608791627382477,4988.0,0.1510878489326765,15,4.433497536945813,-85980.0,-85980.0,85980.0,3420.0,7740.0,74820.0,100,0,False,True
greedy_sequential,103,medium,100,20,208,1.0,0.0,0.0,0,0.0,34.912495520114184,2.3274997013409457,5544.0,0.14903846153846162,15,4.326923076923077,-87060.0,-87060.0,87060.0,3900.0,0.0,83160.0,100,0,False,True
nearest,103,medium,100,20,326,1.0,0.0,1800.0,4,1.3803680981595092,22.387622608454816,1.4925081738969876,6964.0,0.1482745398773006,15,2.7607361963190185,-133800.0,-133800.0,133800.0,2340.0,27000.0,104460.0,100,0,False,True
random,103,medium,100,20,350,0.99,0.0,1680.0,2,1.2,119.51147784124217,7.967431856082811,8627.142857142857,0.18866666666666662,15,2.5714285714285716,-160620.0,-160620.0,160620.0,13800.0,25200.0,121620.0,99,0,False,True
rl,103,medium,100,20,139,1.0,0.0,0.0,0,0.0,54.50181625408104,3.633454416938736,4888.0,0.18633093525179859,15,6.474820143884892,-79500.0,-79500.0,79500.0,6180.0,0.0,73320.0,100,0,False,True
greedy,104,medium,100,20,241,1.0,0.0,523.6363636363636,1,0.3983402489626556,26.696097914621205,2.4269179922382915,5732.727272727273,0.11479944674965421,11,2.7385892116182573,-71700.0,-71700.0,71700.0,2880.0,5760.0,63060.0,100,0,False,True
greedy_sequential,104,medium,100,20,195,1.0,0.0,447.27272727272725,1,0.4205128205128205,37.199678337078836,3.38178893973444,5787.272727272727,0.1507905982905983,11,3.3846153846153846,-72720.0,-72720.0,72720.0,4140.0,4920.0,63660.0,100,0,False,True
nearest,104,medium,100,20,350,0.98,0.0,2498.181818181818,2,1.3085714285714285,17.741016651379418,1.6128196955799472,7926.666666666667,0.14979761904761904,11,1.885714285714286,-123360.0,-123360.0,123360.0,1620.0,27480.0,94260.0,98,0,False,True
random,104,medium,100,20,350,0.98,0.0,1249.090909090909,1,0.6542857142857142,125.7662984742916,11.433299861299236,8506.666666666666,0.12276190476190477,11,1.885714285714286,-128100.0,-128100.0,128100.0,14760.0,13740.0,99600.0,98,0,False,True
rl,104,medium,100,20,195,1.0,0.0,447.27272727272725,1,0.4205128205128205,37.199678337078836,3.38178893973444,5787.272727272727,0.15583333333333332,11,3.3846153846153846,-72720.0,-72720.0,72720.0,4140.0,4920.0,63660.0,100,0,False,True
greedy,105,medium,100,20,232,1.0,0.0,360.0,1,0.23275862068965517,25.0220466109872,2.7802274012208,6086.666666666667,0.12941810344827587,9,2.3275862068965516,-60780.0,-60780.0,60780.0,2760.0,3240.0,54780.0,100,0,False,True
greedy_sequential,105,medium,100,20,223,1.0,0.0,0.0,0,0.0,33.09582930582419,3.677314367313799,7180.0,0.16087443946188343,9,2.42152466367713,-68340.0,-68340.0,68340.0,3720.0,0.0,64620.0,100,0,False,True
nearest,105,medium,100,20,324,1.0,0.0,1253.3333333333333,2,0.5802469135802469,16.57591906525191,1.84176878502799,8546.666666666666,0.12057613168724275,9,1.6666666666666665,-90000.0,-90000.0,90000.0,1800.0,11280.0,76920.0,100,0,False,True
random,105,medium,100,20,350,0.97,0.0,0.0,0,0.0,85.44208039228118,9.493564488031243,10010.0,0.14992857142857136,9,1.542857142857143,-124920.0,-124920.0,124920.0,9960.0,0.0,114960.0,97,0,False,True
rl,105,medium,100,20,190,1.0,0.0,0.0,0,0.0,44.184396632089225,4.909377403565469,6120.0,0.1242543859649123,9,2.8421052631578947,-60120.0,-60120.0,60120.0,5040.0,0.0,55080.0,100,0,False,True
greedy,106,medium,100,20,239,1.0,0.0,1389.2307692307693,5,1.2594142259414225,44.243103731387734,3.40331567164521,3761.5384615384614,0.09932008368200836,13,3.2635983263598325,-71880.0,-71880.0,71880.0,4920.0,18060.0,48900.0,100,0,False,True
greedy_sequential,106,medium,100,20,267,1.0,0.0,0.0,0,0.0,46.72833899419121,3.5944876149377856,5690.7692307692305,0.129229088639201,13,2.9213483146067416,-79260.0,-79260.0,79260.0,5280.0,0.0,73980.0,100,0,False,True
nearest,106,medium,100,20,335,1.0,0.0,1066.1538461538462,2,0.6895522388059702,32.294755714337505,2.4842119780259617,8533.846153846154,0.15662935323383093,13,2.328358208955224,-128340.0,-128340.0,128340.0,3540.0,13860.0,110940.0,100,0,False,True
random,106,medium,100,20,279,1.0,0.0,0.0,0,0.0,79.87619569041588,6.1443227454166065,9221.538461538461,0.1735513739545999,13,2.7956989247311825,-128940.0,-128940.0,128940.0,9060.0,0.0,119880.0,100,0,False,True
rl,106,medium,100,20,267,1.0,0.0,0.0,0,0.0,57.43107066863104,4.417774666817772,6378.461538461538,0.13704744069912608,13,2.9213483146067416,-89340.0,-89340.0,89340.0,6420.0,0.0,82920.0,100,0,False,True
greedy,107,medium,100,20,252,1.0,0.0,0.0,0,0.0,24.362950827627845,2.706994536403094,7006.666666666667,0.09424603174603179,9,2.142857142857143,-65760.0,-65760.0,65760.0,2700.0,0.0,63060.0,100,0,False,True
greedy_sequential,107,medium,100,20,252,1.0,0.0,0.0,0,0.0,23.37827422902606,2.59758602544734,6826.666666666667,0.09156746031746035,9,2.142857142857143,-64080.0,-64080.0,64080.0,2640.0,0.0,61440.0,100,0,False,True
nearest,107,medium,100,20,350,0.99,0.0,0.0,0,0.0,15.643353672736854,1.7381504080818726,9186.666666666666,0.10055952380952397,9,1.542857142857143,-84360.0,-84360.0,84360.0,1680.0,0.0,82680.0,99,0,False,True
random,107,medium,100,20,350,0.99,0.0,313.3333333333333,1,0.13428571428571429,83.10353521689666,9.23372613521074,9495.0,0.13704761904761908,9,1.542857142857143,-107100.0,-107100.0,107100.0,9660.0,2820.0,94620.0,99,0,False,True
rl,107,medium,100,20,159,1.0,0.0,0.0,0,0.0,44.321195679866456,4.92457729776294,5240.0,0.11383647798742139,9,3.3962264150943398,-52260.0,-52260.0,52260.0,5100.0,0.0,47160.0,100,0,False,True
greedy,108,medium,100,20,232,1.0,0.0,236.25,1,0.27155172413793105,58.42446229823022,3.6515288936393886,5516.25,0.15538793103448276,16,4.137931034482759,-98580.0,-98580.0,98580.0,6540.0,3780.0,88260.0,100,0,False,True
greedy_sequential,108,medium,100,20,194,1.0,0.0,285.0,1,0.3917525773195876,72.0856834947385,4.5053552184211565,5760.0,0.1902061855670103,16,4.948453608247423,-104880.0,-104880.0,104880.0,8160.0,4560.0,92160.0,100,0,False,True
nearest,108,medium,100,20,350,0.98,0.0,1050.0,2,0.8,38.97879691808581,2.4361748073803633,10234.285714285714,0.21692857142857142,16,2.742857142857143,-203760.0,-203760.0,203760.0,4200.0,16800.0,182760.0,98,0,False,True
random,108,medium,100,20,350,0.97,0.0,450.0,1,0.34285714285714286,147.07097599407336,9.191935999629585,10607.142857142857,0.25357142857142856,16,2.742857142857143,-210840.0,-210840.0,210840.0,17160.0,7200.0,186480.0,97,0,False,True
rl,108,medium,100,20,204,1.0,0.0,0.0,0,0.0,71.88893562305648,4.49305847644103,6180.0,0.17653186274509805,16,4.705882352941177,-107100.0,-107100.0,107100.0,8220.0,0.0,98880.0,100,0,False,True
greedy,109,medium,100,20,132,1.0,0.0,0.0,0,0.0,13.565806141188446,2.260967690198074,5390.0,0.09103535353535352,6,2.727272727272727,-33840.0,-33840.0,33840.0,1500.0,0.0,32340.0,100,0,False,True
greedy_sequential,109,medium,100,20,202,1.0,0.0,790.0,1,0.3910891089108911,17.93859090454701,2.989765150757835,5180.0,0.07145214521452144,6,1.7821782178217822,-37800.0,-37800.0,37800.0,1980.0,4740.0,31080.0,100,0,False,True
nearest,109,medium,100,20,262,1.0,0.0,0.0,0,0.0,11.044516054003477,1.840752675667246,7010.0,0.08670483460559796,6,1.3740458015267176,-43260.0,-43260.0,43260.0,1200.0,0.0,42060.0,100,0,False,True
random,109,medium,100,20,350,0.99,0.0,0.0,0,0.0,56.0570197302609,9.34283662171015,13392.0,0.1342380952380952,6,1.0285714285714287,-92220.0,-92220.0,92220.0,6540.0,0.0,85680.0,99,0,False,True
rl,109,medium,100,20,202,1.0,0.0,790.0,1,0.3910891089108911,17.93859090454701,2.989765150757835,5180.0,0.07145214521452144,6,1.7821782178217822,-37800.0,-37800.0,37800.0,1980.0,4740.0,31080.0,100,0,False,True
greedy,110,medium,100,20,143,1.0,0.0,0.0,0,0.0,21.215842722399998,2.357315858044444,4373.333333333333,0.12569930069930071,9,3.7762237762237763,-41700.0,-41700.0,41700.0,2340.0,0.0,39360.0,100,0,False,True
greedy_sequential,110,medium,100,20,159,1.0,0.0,0.0,0,0.0,22.007673581419425,2.4452970646021583,4713.333333333333,0.10678721174004194,9,3.3962264150943398,-44820.0,-44820.0,44820.0,2400.0,0.0,42420.0,100,0,False,True
nearest,110,medium,100,20,197,1.0,0.0,0.0,0,0.0,11.753248395058199,1.3059164883397998,6460.0,0.144839255499154,9,2.7411167512690358,-59340.0,-59340.0,59340.0,1200.0,0.0,58140.0,100,0,False,True
random,110,medium,100,20,265,1.0,0.0,0.0,0,0.0,63.3145257436739,7.034947304852655,6753.333333333333,0.0770125786163522,9,2.0377358490566038,-68160.0,-68160.0,68160.0,7380.0,0.0,60780.0,100,0,False,True
rl,110,medium,100,20,159,1.0,0.0,0.0,0,0.0,29.112458330183397,3.2347175922425997,4440.0,0.09648846960167715,9,3.3962264150943398,-43260.0,-43260.0,43260.0,3300.0,0.0,39960.0,100,0,False,True
greedy,111,medium,100,20,199,1.0,0.0,135.0,1,0.135678391959799,42.9334331258598,3.57778609382165,5805.0,0.10096314907872697,12,3.618090452261306,-76200.0,-76200.0,76200.0,4920.0,1620.0,69660.0,100,0,False,True
greedy_sequential,111,medium,100,20,213,1.0,0.0,0.0,0,0.0,56.716210367597235,4.726350863966436,7130.0,0.19487480438184668,12,3.3802816901408455,-92040.0,-92040.0,92040.0,6480.0,0.0,85560.0,100,0,False,True
nearest,111,medium,100,20,320,1.0,0.0,0.0,0,0.0,29.781562936862407,2.4817969114052008,8855.0,0.15231770833333333,12,2.25,-109560.0,-109560.0,109560.0,3300.0,0.0,106260.0,100,0,False,True
random,111,medium,100,20,350,0.97,0.0,1500.0,2,0.8571428571428571,83.03900974258224,6.91991747854852,8146.666666666667,0.1788809523809523,12,2.0571428571428574,-140640.0,-140640.0,140640.0,9660.0,18000.0,112980.0,97,0,False,True
rl,111,medium,100,20,284,1.0,0.0,0.0,0,0.0,69.352176698271,5.77934805818925,6975.0,0.08946596244131458,12,2.535211267605634,-91620.0,-91620.0,91620.0,7920.0,0.0,83700.0,100,0,False,True
greedy,112,medium,100,20,180,1.0,0.0,173.33333333333334,1,0.14444444444444443,39.248628354337995,4.360958706037555,5820.0,0.0903240740740741,9,3.0,-58380.0,-58380.0,58380.0,4440.0,1560.0,52380.0,100,0,False,True
greedy_sequential,112,medium,100,20,232,1.0,0.0,173.33333333333334,1,0.11206896551724138,40.53631034912719,4.504034483236355,6506.666666666667,0.07774784482758623,9,2.3275862068965516,-64680.0,-64680.0,64680.0,4560.0,1560.0,58560.0,100,0,False,True
nearest,112,medium,100,20,332,1.0,0.0,0.0,0,0.0,13.905961584229093,1.5451068426921215,13300.0,0.08653363453815248,9,1.6265060240963856,-121080.0,-121080.0,121080.0,1380.0,0.0,119700.0,100,0,False,True
random,112,medium,100,20,350,0.98,0.0,0.0,0,0.0,62.666881652771636,6.96298685030796,8331.42857142857,0.08226190476190491,9,1.542857142857143,-104520.0,-104520.0,104520.0,7260.0,0.0,97260.0,98,0,False,True
rl,112,medium,100,20,269,1.0,0.0,166.66666666666666,1,0.09293680297397769,45.94732814711257,5.105258683012508,6613.333333333333,0.07523234200743498,9,2.007434944237918,-66300.0,-66300.0,66300.0,5280.0,1500.0,59520.0,100,0,False,True
greedy,113,medium,100,20,153,1.0,0.0,0.0,0,0.0,15.517751313447455,2.586291885574576,4620.0,0.05321350762527233,6,2.3529411764705883,-29400.0,-29400.0,29400.0,1680.0,0.0,27720.0,100,0,False,True
greedy_sequential,113,medium,100,20,153,1.0,0.0,0.0,0,0.0,18.047485937537516,3.0079143229229195,4640.0,0.07004357298474945,6,2.3529411764705883,-29820.0,-29820.0,29820.0,1980.0,0.0,27840.0,100,0,False,True
nearest,113,medium,100,20,273,1.0,0.0,0.0,0,0.0,11.28455794052353,1.8807596567539218,9730.0,0.05012210012210011,6,1.3186813186813187,-59580.0,-59580.0,59580.0,1200.0,0.0,58380.0,100,0,False,True
random,113,medium,100,20,279,1.0,0.0,0.0,0,0.0,42.69273970719242,7.115456617865404,7790.0,0.044892473118279604,6,1.2903225806451613,-51720.0,-51720.0,51720.0,4980.0,0.0,46740.0,100,0,False,True
rl,113,medium,100,20,153,1.0,0.0,0.0,0,0.0,21.076262351068475,3.5127103918447458,4660.0,0.07854030501089324,6,2.3529411764705883,-30300.0,-30300.0,30300.0,2340.0,0.0,27960.0,100,0,False,True
greedy,114,medium,100,20,164,1.0,0.0,370.5882352941176,2,0.6402439024390244,50.957562245058824,2.9975036614740485,4404.705882352941,0.11300813008130076,17,6.219512195121951,-86820.0,-86820.0,86820.0,5640.0,6300.0,74880.0,100,0,False,True
greedy_sequential,114,medium,100,20,252,1.0,0.0,0.0,0,0.0,62.86232164573262,3.697783626219566,6504.705882352941,0.1342427248677249,17,4.0476190476190474,-117600.0,-117600.0,117600.0,7020.0,0.0,110580.0,100,0,False,True
nearest,114,medium,100,20,350,0.98,0.0,1704.7058823529412,3,1.38,35.99905327411886,2.1175913690658152,8248.0,0.17467857142857143,17,2.9142857142857146,-173340.0,-173340.0,173340.0,3900.0,28980.0,140460.0,98,0,False,True
random,114,medium,100,20,350,0.97,0.0,1710.0,5,2.1885714285714286,136.92341756346275,8.054318680203691,8657.142857142857,0.17205952380952383,16,2.742857142857143,-206940.0,-206940.0,206940.0,15900.0,45960.0,145080.0,97,0,False,True
rl,114,medium,100,20,272,1.0,0.0,0.0,0,0.0,73.93123961015961,4.348896447656448,6532.941176470588,0.12276348039215687,17,3.75,-119340.0,-119340.0,119340.0,8280.0,0.0,111060.0,100,0,False,True
greedy,115,medium,100,20,226,1.0,0.0,234.54545454545453,1,0.1902654867256637,36.75601415848354,3.3414558325894124,6130.909090909091,0.10219395280235985,11,2.920353982300885,-74040.0,-74040.0,74040.0,4020.0,2580.0,67440.0,100,0,False,True
greedy_sequential,115,medium,100,20,226,1.0,0.0,0.0,0,0.0,46.43129586406456,4.221026896733142,6780.0,0.13014380530973452,11,2.920353982300885,-79740.0,-79740.0,79740.0,5160.0,0.0,74580.0,100,0,False,True
nearest,115,medium,100,20,350,0.99,0.0,572.7272727272727,1,0.3,16.04942058084207,1.4590382346220065,10314.0,0.18533333333333335,11,1.885714285714286,-124020.0,-124020.0,124020.0,1500.0,6300.0,116220.0,99,0,False,True
random,115,medium,100,20,350,0.96,0.0,0.0,0,0.0,121.72894818888453,11.066268017171321,8700.0,0.19745238095238088,11,1.885714285714286,-150480.0,-150480.0,150480.0,14280.0,0.0,136200.0,96,0,False,True
rl,115,medium,100,20,189,1.0,0.0,0.0,0,0.0,56.75559578494657,5.159599616813325,6240.0,0.14279100529100527,11,3.492063492063492,-75060.0,-75060.0,75060.0,6420.0,0.0,68640.0,100,0,False,True
greedy,116,medium,100,20,254,1.0,0.0,1366.6666666666667,3,0.8070866141732284,33.09918129039876,3.6776868100443068,5373.333333333333,0.09074803149606299,9,2.1259842519685037,-64440.0,-64440.0,64440.0,3780.0,12300.0,48360.0,100,0,False,True
greedy_sequential,116,medium,100,20,239,1.0,0.0,446.6666666666667,1,0.2803347280334728,29.76264287412653,3.306960319347392,6593.333333333333,0.09461297071129707,9,2.2594142259414225,-66780.0,-66780.0,66780.0,3420.0,4020.0,59340.0,100,0,False,True
nearest,116,medium,100,20,350,0.99,0.0,0.0,0,0.0,11.423099582453846,1.2692332869393161,11820.0,0.12080952380952378,9,1.542857142857143,-107520.0,-107520.0,107520.0,1140.0,0.0,106380.0,99,0,False,True
random,116,medium,100,20,350,0.99,0.0,0.0,0,0.0,69.72689426307151,7.747432695896835,8715.0,0.12304761904761899,9,1.542857142857143,-97080.0,-97080.0,97080.0,8100.0,0.0,88980.0,99,0,False,True
rl,116,medium,100,20,239,1.0,0.0,446.6666666666667,1,0.2803347280334728,44.334147680196146,4.926016408910683,6020.0,0.10753138075313809,9,2.2594142259414225,-63360.0,-63360.0,63360.0,5160.0,4020.0,54180.0,100,0,False,True
greedy,117,medium,100,20,166,1.0,0.0,138.75,1,0.22289156626506024,58.42270509779319,3.6514190686120744,5238.75,0.11739457831325302,16,5.783132530120482,-92520.0,-92520.0,92520.0,6480.0,2220.0,83820.0,100,0,False,True
greedy_sequential,117,medium,100,20,229,1.0,0.0,0.0,0,0.0,67.7467636503179,4.234172728144869,6937.5,0.2099163027656478,16,4.192139737991266,-118620.0,-118620.0,118620.0,7620.0,0.0,111000.0,100,0,False,True
nearest,117,medium,100,20,350,0.97,0.0,2808.75,5,2.14,49.32159177778173,3.082599486111358,7264.615384615385,0.18120238095238098,16,2.742857142857143,-170520.0,-170520.0,170520.0,5400.0,44940.0,120180.0,97,0,False,True
random,117,medium,100,20,350,0.99,0.0,697.5,2,0.5314285714285715,135.56594088067664,8.47287130504229,9232.0,0.26721428571428574,16,2.742857142857143,-185280.0,-185280.0,185280.0,15840.0,11160.0,158280.0,99,0,False,True
rl,117,medium,100,20,229,1.0,0.0,0.0,0,0.0,64.73999206557676,4.046249504098547,7158.75,0.19714337700145568,16,4.192139737991266,-121800.0,-121800.0,121800.0,7260.0,0.0,114540.0,100,0,False,True
greedy,118,medium,100,20,279,1.0,0.0,0.0,0,0.0,33.07814532730076,2.7565121106083965,6470.0,0.11575567502986853,12,2.5806451612903225,-81360.0,-81360.0,81360.0,3720.0,0.0,77640.0,100,0,False,True
greedy_sequential,118,medium,100,20,282,1.0,0.0,0.0,0,0.0,43.91369965654867,3.659474971379056,7130.0,0.13164893617021273,12,2.553191489361702,-90480.0,-90480.0,90480.0,4920.0,0.0,85560.0,100,0,False,True
nearest,118,medium,100,20,349,1.0,0.0,0.0,0,0.0,22.94571545855831,1.9121429548798592,10060.0,0.14552292263610314,12,2.0630372492836675,-123240.0,-123240.0,123240.0,2520.0,0.0,120720.0,100,0,False,True
random,118,medium,100,20,350,0.98,0.0,0.0,0,0.0,121.89893015758193,10.158244179798494,9204.0,0.1533452380952381,12,2.0571428571428574,-142080.0,-142080.0,142080.0,14220.0,0.0,127860.0,98,0,False,True
rl,118,medium,100,20,282,1.0,0.0,0.0,0,0.0,54.34511895695585,4.5287599130796545,6535.0,0.0943557919621749,12,2.553191489361702,-84600.0,-84600.0,84600.0,6180.0,0.0,78420.0,100,0,False,True
greedy,119,medium,100,20,288,1.0,0.0,2720.0,7,2.361111111111111,38.72274056159703,2.581516037439802,4340.0,0.11041666666666665,15,3.125,-110160.0,-110160.0,110160.0,4260.0,40800.0,65100.0,100,0,False,True
greedy_sequential,119,medium,100,20,204,1.0,0.0,0.0,0,0.0,66.50670739831257,4.433780493220838,5844.0,0.1886233660130719,15,4.411764705882353,-95340.0,-95340.0,95340.0,7680.0,0.0,87660.0,100,0,False,True
nearest,119,medium,100,20,350,0.98,0.0,1830.0,5,2.18,21.496901054084994,1.4331267369389995,6544.615384615385,0.13097619047619052,14,2.4,-141540.0,-141540.0,141540.0,2220.0,45780.0,93540.0,98,0,False,True
random,119,medium,100,20,350,0.98,0.0,296.0,1,0.21142857142857144,88.79058558891973,5.9193723725946485,8884.615384615385,0.2167619047619047,15,2.5714285714285716,-168840.0,-168840.0,168840.0,10200.0,4440.0,154200.0,98,0,False,True
rl,119,medium,100,20,350,0.99,0.0,0.0,0,0.0,58.32191240004107,3.8881274933360714,5340.0,0.1309642857142857,15,2.5714285714285716,-101520.0,-101520.0,101520.0,6600.0,0.0,94920.0,99,0,False,True
greedy,100,high,180,15,350,0.9,0.0,5555.238095238095,47,25.24,268.2103564214857,3.7251438391873015,6399.272727272727,0.619095238095238,63,10.8,-966900.0,-966900.0,966900.0,30060.0,530040.0,406800.0,162,0,False,True
greedy_sequential,100,high,180,15,350,0.8888888888888888,0.0,4428.169014084507,37,15.928571428571429,322.82987362176283,4.483748244746706,8296.363636363636,0.8390793650793653,71,12.171428571428573,-963060.0,-963060.0,963060.0,36900.0,334500.0,591660.0,160,0,False,True
nearest,100,high,180,15,350,0.8166666666666667,0.0,4354.8,45,31.537142857142857,151.68045000335525,2.106672916713267,8175.384615384615,0.6453650793650794,50,8.571428571428571,-1102320.0,-1102320.0,1102320.0,16620.0,662280.0,423420.0,147,0,False,True
random,100,high,180,15,350,0.8277777777777777,0.0,3712.3636363636365,38,25.382857142857144,553.4217062035812,7.686412586160849,8533.953488372093,0.7783492063492065,55,9.428571428571429,-1093080.0,-1093080.0,1093080.0,64380.0,533040.0,495660.0,149,0,False,True
rl,100,high,180,15,350,0.8388888888888889,0.0,4613.4375,38,21.34857142857143,591.2149490251359,8.211318736460221,8750.454545454546,0.7466031746031747,64,10.971428571428572,-1064340.0,-1064340.0,1064340.0,68580.0,448320.0,547440.0,151,0,False,True
greedy,101,high,180,15,350,0.8777777777777778,0.0,4946.95652173913,48,23.762857142857143,261.676255118081,3.3983929236114414,7235.789473684211,0.6258571428571428,69,11.82857142857143,-1035360.0,-1035360.0,1035360.0,29160.0,499020.0,507180.0,158,0,False,True
greedy_sequential,101,high,180,15,350,0.8722222222222222,0.0,4014.4736842105262,36,15.491428571428571,369.9428715816343,4.804452877683562,8973.684210526315,0.8291269841269847,76,13.028571428571428,-1050480.0,-1050480.0,1050480.0,42360.0,325320.0,682800.0,157,0,False,True
nearest,101,high,180,15,350,0.8055555555555556,0.0,4505.901639344263,42,28.434285714285714,149.64452803137743,1.9434354289789277,9255.348837209302,0.7159841269841273,61,10.457142857142857,-1185120.0,-1185120.0,1185120.0,16140.0,597120.0,571860.0,145,0,False,True
random,101,high,180,15,350,0.8444444444444444,0.0,3683.2258064516127,40,24.82857142857143,618.3704088449188,8.03078453045349,9246.122448979591,0.740809523809524,62,10.62857142857143,-1169340.0,-1169340.0,1169340.0,71880.0,521400.0,576060.0,152,0,False,True
rl,101,high,180,15,350,0.8444444444444444,0.0,4105.479452054795,37,17.88,626.840023084307,8.140779520575414,9074.4,0.8172698412698419,73,12.514285714285714,-1100340.0,-1100340.0,1100340.0,72900.0,375480.0,651960.0,152,0,False,True
greedy,102,high,180,15,350,0.8944444444444445,0.0,5228.108108108108,42,21.282857142857143,301.955090789122,3.9214946855730126,7410.491803278688,0.724936507936508,74,12.685714285714287,-1002000.0,-1002000.0,1002000.0,33840.0,446940.0,521220.0,161,0,False,True
greedy_sequential,102,high,180,15,350,0.9111111111111111,0.0,3720.0,39,13.64,363.242209718253,4.717431295042246,7678.125,0.8170634920634918,77,13.200000000000001,-960540.0,-960540.0,960540.0,41400.0,286440.0,632700.0,164,0,False,True
nearest,102,high,180,15,350,0.7666666666666667,0.0,5356.7441860465115,56,43.40857142857143,131.45280102045487,1.7071792340318814,8316.0,0.49188888888888904,43,7.371428571428572,-1246200.0,-1246200.0,1246200.0,13500.0,911580.0,321120.0,138,0,False,True
random,102,high,180,15,350,0.8277777777777777,0.0,4066.451612903226,44,25.717142857142857,553.731695702554,7.191320723409793,7865.106382978724,0.7207619047619046,62,10.62857142857143,-1105140.0,-1105140.0,1105140.0,63960.0,540060.0,501120.0,149,0,False,True
rl,102,high,180,15,350,0.8611111111111112,0.0,4240.869565217391,39,21.271428571428572,566.4174599712478,7.356070908717504,8581.111111111111,0.7505396825396825,69,11.82857142857143,-1081260.0,-1081260.0,1081260.0,65700.0,446700.0,568860.0,155,0,False,True
greedy,103,high,180,15,350,0.9722222222222222,0.0,4729.354838709677,37,13.962857142857143,225.5089202672044,3.6372406494710385,4994.482758620689,0.44107936507936507,62,10.62857142857143,-624780.0,-624780.0,624780.0,25140.0,293220.0,306420.0,175,0,False,True
greedy_sequential,103,high,180,15,350,0.9888888888888889,0.0,1971.2903225806451,24,5.82,257.20434876839977,4.148457238199996,7152.0,0.5884920634920634,62,10.62857142857143,-594240.0,-594240.0,594240.0,29280.0,122220.0,442740.0,178,0,False,True
nearest,103,high,180,15,350,0.8944444444444445,0.0,4395.918367346939,37,22.534285714285716,117.2463891173408,1.8910707922151742,6852.558139534884,0.5464920634920636,49,8.4,-814320.0,-814320.0,814320.0,12420.0,473220.0,328680.0,161,0,False,True
random,103,high,180,15,350,0.9444444444444444,0.0,3454.137931034483,30,13.177142857142858,405.5431612173015,6.541018729311314,6975.0,0.5928730158730159,58,9.942857142857143,-717900.0,-717900.0,717900.0,46860.0,276720.0,394320.0,170,0,False,True
rl,103,high,180,15,350,0.9222222222222223,0.0,3476.065573770492,23,11.01142857142857,462.75406324276844,7.463775213593039,7564.8,0.6136031746031745,61,10.457142857142857,-739440.0,-739440.0,739440.0,53820.0,231240.0,454380.0,166,0,False,True
greedy,104,high,180,15,350,0.9333333333333333,0.0,4506.0,53,22.717142857142857,333.6769977843567,4.277910228004573,4799.104477611941,0.5451746031746032,70,12.0,-858900.0,-858900.0,858900.0,38040.0,477060.0,343800.0,168,0,False,True
greedy_sequential,104,high,180,15,350,0.9222222222222223,0.0,4176.623376623376,41,16.248571428571427,413.3396225378103,5.299225929971927,6598.125,0.7873174603174603,77,13.200000000000001,-932820.0,-932820.0,932820.0,47580.0,341220.0,544020.0,166,0,False,True
nearest,104,high,180,15,350,0.8555555555555555,0.0,5843.389830508475,57,34.56,149.78054616596506,1.9202634123841675,5778.461538461538,0.5338571428571428,59,10.114285714285716,-1076760.0,-1076760.0,1076760.0,16200.0,725760.0,334800.0,154,0,False,True
random,104,high,180,15,350,0.8611111111111112,0.0,4430.149253731343,44,24.02857142857143,666.3238524981801,8.542613493566412,6931.636363636364,0.7214603174603176,67,11.485714285714286,-1040160.0,-1040160.0,1040160.0,77640.0,504600.0,457920.0,155,0,False,True
rl,104,high,180,15,350,0.85,0.0,4146.95652173913,42,21.768571428571427,680.7839081315574,8.727998822199453,7205.7692307692305,0.693857142857143,69,11.82857142857143,-1027080.0,-1027080.0,1027080.0,79680.0,457140.0,490260.0,153,0,False,True
greedy,105,high,180,15,350,0.8944444444444445,0.0,5505.263157894737,46,25.28857142857143,275.8327425697714,4.056363861320168,5742.35294117647,0.44990476190476214,57,9.771428571428572,-882540.0,-882540.0,882540.0,31020.0,531060.0,320460.0,161,0,False,True
greedy_sequential,105,high,180,15,350,0.9277777777777778,0.0,3135.8823529411766,31,10.154285714285715,341.26972608967463,5.018672442495215,8230.344827586207,0.7474920634920635,68,11.657142857142858,-847380.0,-847380.0,847380.0,39000.0,213240.0,595140.0,167,0,False,True
nearest,105,high,180,15,350,0.8611111111111112,0.0,4889.433962264151,41,26.48,198.42604898466996,2.9180301321274995,7300.909090909091,0.5132539682539685,53,9.085714285714285,-957060.0,-957060.0,957060.0,21900.0,556080.0,379080.0,155,0,False,True
random,105,high,180,15,350,0.9111111111111111,0.0,3132.2033898305085,34,16.97142857142857,604.0268377980656,8.882747614677434,7973.076923076923,0.6802698412698409,59,10.114285714285716,-901920.0,-901920.0,901920.0,70680.0,356400.0,474840.0,164,0,False,True
rl,105,high,180,15,350,0.8833333333333333,0.0,3066.8852459016393,31,15.208571428571428,579.3719170753584,8.520175251108212,8338.72340425532,0.7045238095238097,61,10.457142857142857,-916740.0,-916740.0,916740.0,67500.0,319380.0,529860.0,159,0,False,True
greedy,106,high,180,15,350,0.8833333333333333,0.0,6617.586206896552,56,30.60857142857143,291.320818345932,4.103110117548338,4251.764705882353,0.3917777777777777,58,9.942857142857143,-914880.0,-914880.0,914880.0,33240.0,642780.0,238860.0,159,0,False,True
greedy_sequential,106,high,180,15,350,0.9277777777777778,0.0,3713.913043478261,36,14.09142857142857,307.2030605536321,4.3268036697694665,7804.0,0.7872063492063496,69,11.82857142857143,-881160.0,-881160.0,881160.0,35100.0,295920.0,550140.0,167,0,False,True
nearest,106,high,180,15,350,0.8222222222222222,0.0,5576.727272727273,45,29.837142857142858,173.12652488891072,2.438401758998743,8590.5,0.6235555555555555,55,9.428571428571429,-1093560.0,-1093560.0,1093560.0,19200.0,626580.0,447780.0,148,0,False,True
random,106,high,180,15,350,0.8444444444444444,0.0,3026.315789473684,36,21.154285714285713,443.15455203633934,6.241613408962526,7935.0,0.745428571428572,57,9.771428571428572,-1017240.0,-1017240.0,1017240.0,51180.0,444240.0,521820.0,152,0,False,True
rl,106,high,180,15,350,0.8611111111111112,0.0,3915.223880597015,36,16.18857142857143,470.9254867324529,6.6327533342599,7860.0,0.7700952380952383,67,11.485714285714286,-950820.0,-950820.0,950820.0,54660.0,339960.0,556200.0,155,0,False,True
greedy,107,high,180,15,350,0.9055555555555556,0.0,4920.0,42,21.9,239.38076988902085,3.4197252841288694,6751.698113207547,0.6145079365079366,62,10.62857142857143,-897840.0,-897840.0,897840.0,26820.0,459900.0,411120.0,163,0,False,True
greedy_sequential,107,high,180,15,350,0.9277777777777778,0.0,3745.5882352941176,35,14.031428571428572,379.354427574468,5.419348965349543,8000.0,0.7789999999999998,68,11.657142857142858,-884400.0,-884400.0,884400.0,43740.0,294660.0,546000.0,167,0,False,True
nearest,107,high,180,15,350,0.8611111111111112,0.0,4912.631578947368,41,25.537142857142857,125.2408352289043,1.789154788984347,7797.391304347826,0.677793650793651,57,9.771428571428572,-974820.0,-974820.0,974820.0,13560.0,536280.0,424980.0,155,0,False,True
random,107,high,180,15,350,0.8555555555555555,0.0,4029.310344827586,35,22.077142857142857,529.2987977625147,7.561411396607353,8471.739130434782,0.7565555555555555,58,9.942857142857143,-1019820.0,-1019820.0,1019820.0,61440.0,463620.0,494760.0,154,0,False,True
rl,107,high,180,15,350,0.8555555555555555,0.0,4247.8125,35,18.285714285714285,550.8818748122713,7.869741068746734,8278.666666666666,0.7824126984126986,64,10.971428571428572,-985140.0,-985140.0,985140.0,64080.0,384000.0,537060.0,154,0,False,True
greedy,108,high,180,15,350,0.8277777777777777,0.0,6446.666666666667,57,36.54,312.6170486803357,4.168227315737809,5780.869565217391,0.5682380952380953,54,9.257142857142858,-1108500.0,-1108500.0,1108500.0,35640.0,767340.0,305520.0,149,0,False,True
greedy_sequential,108,high,180,15,350,0.8388888888888889,0.0,5322.35294117647,42,23.69142857142857,383.41274454854215,5.112169927313896,8894.04255319149,0.8750476190476191,68,11.657142857142858,-1120740.0,-1120740.0,1120740.0,44340.0,497520.0,578880.0,151,0,False,True
nearest,108,high,180,15,350,0.8,0.0,6593.333333333333,51,36.98,188.71752433501854,2.5162336578002473,9420.0,0.7375238095238095,54,9.257142857142858,-1239120.0,-1239120.0,1239120.0,21000.0,776580.0,441540.0,144,0,False,True
random,108,high,180,15,350,0.8,0.0,4276.981132075472,45,31.12857142857143,653.1235811095893,8.708314414794524,9116.923076923076,0.7646190476190476,53,9.085714285714285,-1200480.0,-1200480.0,1200480.0,75900.0,653700.0,470880.0,144,0,False,True
rl,108,high,180,15,350,0.8111111111111111,0.0,4687.5,42,24.44857142857143,638.6819211623081,8.515758948830774,8231.707317073171,0.8226666666666667,64,10.971428571428572,-1133100.0,-1133100.0,1133100.0,74340.0,513420.0,545340.0,146,0,False,True
greedy,109,high,180,15,350,0.8944444444444445,0.0,5459.047619047619,44,23.63714285714286,261.8537148946758,3.6880804914743073,6788.888888888889,0.6124444444444445,63,10.8,-946920.0,-946920.0,946920.0,29340.0,496380.0,421200.0,161,0,False,True
greedy_sequential,109,high,180,15,350,0.9111111111111111,0.0,4169.142857142857,37,14.771428571428572,322.756843061565,4.545871029036127,7510.909090909091,0.8663174603174604,70,12.0,-891060.0,-891060.0,891060.0,36600.0,310200.0,544260.0,164,0,False,True
nearest,109,high,180,15,350,0.8333333333333334,0.0,4055.294117647059,45,29.117142857142856,144.2690118350333,2.031957913169483,7557.073170731707,0.6195238095238096,51,8.742857142857144,-1035420.0,-1035420.0,1035420.0,15180.0,611460.0,408780.0,150,0,False,True
random,109,high,180,15,350,0.85,0.0,3812.7272727272725,41,24.554285714285715,559.115369283257,7.874864356102211,7936.363636363636,0.7425555555555557,55,9.428571428571429,-1015560.0,-1015560.0,1015560.0,65040.0,515640.0,434880.0,153,0,False,True
rl,109,high,180,15,350,0.8555555555555555,0.0,4522.258064516129,39,21.634285714285713,527.3593762149469,7.427596848097844,8428.695652173914,0.7873333333333333,62,10.62857142857143,-1002540.0,-1002540.0,1002540.0,61380.0,454320.0,486840.0,154,0,False,True
greedy,110,high,180,15,350,0.8944444444444445,0.0,4257.2307692307695,43,20.731428571428573,195.55461108740553,2.678830288868569,6714.736842105263,0.6183015873015872,65,11.142857142857144,-925140.0,-925140.0,925140.0,21960.0,435360.0,467820.0,161,0,False,True
greedy_sequential,110,high,180,15,350,0.9111111111111111,0.0,3870.0,37,17.134285714285713,315.63615225150164,4.323782907554817,8593.448275862069,0.8191587301587301,68,11.657142857142858,-964920.0,-964920.0,964920.0,35880.0,359820.0,569220.0,164,0,False,True
nearest,110,high,180,15,350,0.8777777777777778,0.0,3561.0526315789475,44,24.86857142857143,103.749603240086,1.4212274416450137,7295.294117647059,0.6660317460317454,57,9.771428571428572,-974340.0,-974340.0,974340.0,11100.0,522240.0,441000.0,158,0,False,True
random,110,high,180,15,350,0.8555555555555555,0.0,4437.1875,40,21.86857142857143,564.8351149408767,7.737467327957215,8650.588235294117,0.7737777777777779,64,10.971428571428572,-1059960.0,-1059960.0,1059960.0,65880.0,459240.0,534840.0,154,0,False,True
rl,110,high,180,15,350,0.8277777777777777,0.0,4148.0,38,23.805714285714284,554.7108250043926,7.5987784247177075,8856.818181818182,0.7509206349206352,60,10.285714285714286,-1065420.0,-1065420.0,1065420.0,64620.0,499920.0,500880.0,149,0,False,True
greedy,111,high,180,15,350,0.9166666666666666,0.0,4845.217391304348,40,18.774285714285714,279.6810193005464,3.8844586013964775,7189.830508474576,0.5534920634920638,69,11.82857142857143,-913920.0,-913920.0,913920.0,31680.0,394260.0,487980.0,165,0,False,True
greedy_sequential,111,high,180,15,350,0.9111111111111111,0.0,3422.5,33,11.734285714285715,360.52646219741797,5.007311974964138,8340.0,0.8115714285714284,72,12.342857142857143,-916440.0,-916440.0,916440.0,41100.0,246420.0,628920.0,164,0,False,True
nearest,111,high,180,15,350,0.8611111111111112,0.0,5511.290322580645,43,25.837142857142858,140.4761286237196,1.9510573419961057,7971.428571428572,0.641015873015873,62,10.62857142857143,-1030560.0,-1030560.0,1030560.0,15360.0,542580.0,472620.0,155,0,False,True
random,111,high,180,15,350,0.8944444444444445,0.0,4208.955223880597,36,18.117142857142856,554.5634231665285,7.702269766201785,8662.641509433963,0.7655873015873015,67,11.485714285714286,-1012980.0,-1012980.0,1012980.0,64380.0,380460.0,568140.0,161,0,False,True
rl,111,high,180,15,350,0.9055555555555556,0.0,3458.8732394366198,34,12.622857142857143,566.7957314963078,7.872162937448719,8224.21052631579,0.817873015873016,71,12.171428571428573,-939720.0,-939720.0,939720.0,65880.0,265080.0,608760.0,163,0,False,True
greedy,112,high,180,15,350,0.9055555555555556,0.0,5248.163265306122,38,21.97142857142857,212.4315723591032,3.6005351247305626,5427.391304347826,0.2784603174603176,49,8.4,-740400.0,-740400.0,740400.0,23940.0,461400.0,255060.0,163,0,False,True
greedy_sequential,112,high,180,15,350,0.9444444444444444,0.0,1720.677966101695,14,4.8342857142857145,236.88593262583095,4.015015807217473,9003.6,0.639761904761905,59,10.114285714285716,-704040.0,-704040.0,704040.0,26880.0,101520.0,575640.0,170,0,False,True
nearest,112,high,180,15,350,0.8777777777777778,0.0,4424.081632653061,32,19.951428571428572,114.04667562135619,1.9329945020568846,8144.615384615385,0.4768095238095239,49,8.4,-846900.0,-846900.0,846900.0,12360.0,418980.0,415560.0,158,0,False,True
random,112,high,180,15,350,0.95,0.0,2476.551724137931,20,7.725714285714286,345.6148412324727,5.857878664957164,8592.0,0.6091428571428569,58,9.942857142857143,-728220.0,-728220.0,728220.0,39780.0,162240.0,526200.0,171,0,False,True
rl,112,high,180,15,350,0.9222222222222223,0.0,2116.271186440678,14,5.945714285714286,376.3847882010307,6.379403189847978,9280.434782608696,0.6311111111111114,59,10.114285714285716,-754680.0,-754680.0,754680.0,43620.0,124860.0,586200.0,166,0,False,True
greedy,113,high,180,15,350,0.8888888888888888,0.0,5369.0,44,24.611428571428572,284.6524883122768,4.066464118746811,6901.176470588235,0.5089841269841271,60,10.285714285714286,-936180.0,-936180.0,936180.0,32040.0,516840.0,387300.0,160,0,False,True
greedy_sequential,113,high,180,15,350,0.9,0.0,2982.0,29,9.94,401.8756025842929,5.74108003691847,8631.111111111111,0.754809523809524,70,12.0,-895800.0,-895800.0,895800.0,46380.0,208740.0,640680.0,162,0,False,True
nearest,113,high,180,15,350,0.8944444444444445,0.0,3932.9032258064517,38,18.911428571428573,172.0314510855949,2.4575921583656415,7713.461538461538,0.5857460317460319,62,10.62857142857143,-926220.0,-926220.0,926220.0,19200.0,397140.0,509880.0,161,0,False,True
random,113,high,180,15,350,0.85,0.0,3211.4754098360654,31,17.374285714285715,602.9353401404792,8.613362002006845,8588.181818181818,0.7129682539682541,61,10.457142857142857,-1014840.0,-1014840.0,1014840.0,70140.0,364860.0,579840.0,153,0,False,True
rl,113,high,180,15,350,0.8611111111111112,0.0,2962.153846153846,29,13.64,570.0470063925958,8.143528662751368,8886.122448979591,0.7278571428571432,65,11.142857142857144,-973140.0,-973140.0,973140.0,66420.0,286440.0,620280.0,155,0,False,True
greedy,114,high,180,15,350,0.9444444444444444,0.0,4144.615384615385,37,15.688571428571429,175.09454850858938,2.5749198310086676,6357.931034482759,0.5083015873015874,65,11.142857142857144,-773700.0,-773700.0,773700.0,19320.0,329460.0,424920.0,170,0,False,True
greedy_sequential,114,high,180,15,350,0.9277777777777778,0.0,1874.7692307692307,24,8.605714285714285,251.1278182175889,3.69305615025866,7908.0,0.6853492063492067,65,11.142857142857144,-784320.0,-784320.0,784320.0,28140.0,180720.0,575460.0,167,0,False,True
nearest,114,high,180,15,350,0.8777777777777778,0.0,4463.0,37,20.431428571428572,97.19706929315993,1.4293686660758813,7605.0,0.5792063492063492,60,10.285714285714286,-883200.0,-883200.0,883200.0,10020.0,429060.0,444120.0,158,0,False,True
random,114,high,180,15,350,0.8944444444444445,0.0,3200.0,25,14.191428571428572,421.3192300514392,6.195871030168224,8292.0,0.6990634920634922,63,10.8,-901500.0,-901500.0,901500.0,48480.0,298020.0,555000.0,161,0,False,True
rl,114,high,180,15,350,0.8833333333333333,0.0,3271.875,25,13.654285714285715,433.2343058476657,6.371092733053907,8454.893617021276,0.6864126984126986,64,10.971428571428572,-901620.0,-901620.0,901620.0,49800.0,286740.0,565080.0,159,0,False,True
greedy,115,high,180,15,350,0.9166666666666666,0.0,4073.0,37,17.357142857142858,266.4243971772656,4.03673329056463,6471.923076923077,0.5774761904761906,60,10.285714285714286,-788100.0,-788100.0,788100.0,30000.0,364500.0,393600.0,165,0,False,True
greedy_sequential,115,high,180,15,350,0.9444444444444444,0.0,2910.4615384615386,32,9.974285714285715,385.06066448524984,5.834252492200755,6965.357142857143,0.7410793650793651,65,11.142857142857144,-744420.0,-744420.0,744420.0,44280.0,209460.0,490680.0,170,0,False,True
nearest,115,high,180,15,350,0.9,0.0,4093.090909090909,39,20.922857142857143,184.62764314011298,2.797388532425954,7326.122448979592,0.5900476190476189,55,9.428571428571429,-873360.0,-873360.0,873360.0,20460.0,439380.0,413520.0,162,0,False,True
random,115,high,180,15,350,0.8666666666666667,0.0,4337.777777777777,36,21.745714285714286,662.4317564055574,10.036844794023597,7498.571428571428,0.6278888888888888,54,9.257142857142858,-911100.0,-911100.0,911100.0,77400.0,456660.0,377040.0,156,0,False,True
rl,115,high,180,15,350,0.8888888888888888,0.0,4035.2380952380954,32,14.894285714285715,571.6201599542644,8.660911514458551,7356.0,0.7109999999999999,63,10.8,-834720.0,-834720.0,834720.0,66600.0,312780.0,455340.0,160,0,False,True
greedy,116,high,180,15,350,0.85,0.0,5495.806451612903,46,26.591428571428573,222.99379799457478,3.0547095615695175,7905.306122448979,0.6327301587301587,62,10.62857142857143,-1048500.0,-1048500.0,1048500.0,24780.0,558420.0,465300.0,153,0,False,True
greedy_sequential,116,high,180,15,350,0.8722222222222222,0.0,4384.225352112676,37,16.757142857142856,282.4379969207584,3.869013656448745,9233.333333333334,0.8940634920634919,71,12.171428571428573,-1039980.0,-1039980.0,1039980.0,31740.0,351900.0,656340.0,157,0,False,True
nearest,116,high,180,15,350,0.8277777777777777,0.0,6262.622950819672,48,29.54,128.38348429428567,1.7586778670450092,7835.714285714285,0.562476190476191,61,10.457142857142857,-1112340.0,-1112340.0,1112340.0,13800.0,620340.0,478200.0,149,0,False,True
random,116,high,180,15,350,0.8666666666666667,0.0,4224.761904761905,38,21.705714285714286,487.23543225255906,6.6744579760624525,9265.2,0.8267777777777778,63,10.8,-1088520.0,-1088520.0,1088520.0,56340.0,455820.0,576360.0,156,0,False,True
rl,116,high,180,15,350,0.8555555555555555,0.0,4346.666666666667,37,22.162857142857142,505.9469653020103,6.930780346602881,9786.25,0.7883809523809525,63,10.8,-1096980.0,-1096980.0,1096980.0,58620.0,465420.0,572940.0,154,0,False,True
greedy,117,high,180,15,350,0.95,0.0,4484.307692307692,46,16.705714285714286,307.50750215269926,4.522169149304401,4933.220338983051,0.4174285714285714,65,11.142857142857144,-709620.0,-709620.0,709620.0,34560.0,350820.0,324240.0,171,0,False,True
greedy_sequential,117,high,180,15,350,0.9555555555555556,0.0,2526.268656716418,30,8.971428571428572,367.2624421735756,5.400918267258465,7015.081967213115,0.69331746031746,67,11.485714285714286,-717240.0,-717240.0,717240.0,42060.0,188400.0,486780.0,172,0,False,True
nearest,117,high,180,15,350,0.7944444444444444,0.0,4098.571428571428,45,33.005714285714284,177.5249360800587,2.6106608247067453,7719.375,0.5576190476190479,42,7.2,-1050780.0,-1050780.0,1050780.0,19440.0,693120.0,338220.0,143,0,False,True
random,117,high,180,15,350,0.8666666666666667,0.0,3907.3684210526317,37,20.614285714285714,532.3776703895866,7.8290833880821555,7433.181818181818,0.6868095238095236,57,9.771428571428572,-930840.0,-930840.0,930840.0,61680.0,432900.0,436260.0,156,0,False,True
rl,117,high,180,15,350,0.9055555555555556,0.0,3045.0,30,12.985714285714286,516.7501390438836,7.599266750645347,7460.377358490566,0.7134761904761905,64,10.971428571428572,-824580.0,-824580.0,824580.0,59580.0,272700.0,492300.0,163,0,False,True
greedy,118,high,180,15,350,0.8666666666666667,0.0,5845.423728813559,52,31.98,249.02767191044597,3.3203689588059464,6030.588235294118,0.47834920634920625,59,10.114285714285716,-1036560.0,-1036560.0,1036560.0,27720.0,671580.0,337260.0,156,0,False,True
greedy_sequential,118,high,180,15,350,0.9222222222222223,0.0,3227.5,34,13.9,351.98959804574093,4.693194640609879,8199.677419354839,0.7794603174603174,72,12.342857142857143,-956880.0,-956880.0,956880.0,40200.0,291900.0,624780.0,166,0,False,True
nearest,118,high,180,15,350,0.7777777777777778,0.0,5843.478260869565,54,40.862857142857145,135.5567498068704,1.807423330758272,8427.42857142857,0.5078412698412699,46,7.885714285714286,-1229700.0,-1229700.0,1229700.0,14520.0,858120.0,357060.0,140,0,False,True
random,118,high,180,15,350,0.8166666666666667,0.0,3455.409836065574,38,22.888571428571428,601.1505812982157,8.015341083976208,8726.511627906977,0.7286190476190484,61,10.457142857142857,-1125180.0,-1125180.0,1125180.0,69960.0,480660.0,574560.0,147,0,False,True
rl,118,high,180,15,350,0.8611111111111112,0.0,3349.4117647058824,35,17.44,565.9236483618114,7.545648644824152,8712.0,0.7477460317460319,68,11.657142857142858,-1051860.0,-1051860.0,1051860.0,65640.0,366240.0,619980.0,155,0,False,True
greedy,119,high,180,15,350,0.8666666666666667,0.0,3999.512195121951,42,28.18,222.93856953518264,3.59578337959972,5715.789473684211,0.3154920634920634,41,7.028571428571429,-845940.0,-845940.0,845940.0,24960.0,591780.0,229200.0,156,0,False,True
greedy_sequential,119,high,180,15,350,0.9333333333333333,0.0,2366.0,24,8.731428571428571,261.8789526492754,4.223854074988313,8406.923076923076,0.7349523809523806,60,10.285714285714286,-753360.0,-753360.0,753360.0,29580.0,183360.0,540420.0,168,0,False,True
nearest,119,high,180,15,350,0.85,0.0,4742.666666666667,38,26.6,84.80775581808331,1.3678670293239243,8253.333333333334,0.5541111111111113,45,7.714285714285714,-942300.0,-942300.0,942300.0,8880.0,558600.0,374820.0,153,0,False,True
random,119,high,180,15,350,0.8555555555555555,0.0,4075.714285714286,26,16.582857142857144,413.89474384765714,6.675721674962212,8991.891891891892,0.7171746031746032,56,9.6,-917820.0,-917820.0,917820.0,47940.0,348240.0,521640.0,154,0,False,True
rl,119,high,180,15,350,0.8722222222222222,0.0,3555.5172413793102,24,13.5,462.25795928962,7.455773536929354,9094.285714285714,0.7390634920634921,58,9.942857142857143,-869940.0,-869940.0,869940.0,53640.0,283500.0,532800.0,157,0,False,True
greedy,100,congested,220,10,350,0.29545454545454547,0.0,7083.0,175,153.5857142857143,839.2414309080424,4.238593085394154,7100.869565217391,0.7999285714285714,60,10.285714285714286,-3738060.0,-3738060.0,3738060.0,95100.0,3225300.0,417660.0,65,0,False,True
greedy_sequential,100,congested,220,10,350,0.31363636363636366,0.0,7991.8421052631575,171,144.25142857142856,1133.8666533147452,5.72659925916538,8488.8,0.9954285714285713,76,13.028571428571428,-3702480.0,-3702480.0,3702480.0,130980.0,3029280.0,542220.0,69,0,False,True
nearest,100,congested,220,10,350,0.3090909090909091,0.0,7789.459459459459,172,147.76,557.7333559167059,2.8168351308924544,7878.367346938776,0.9913571428571428,74,12.685714285714287,-3703860.0,-3703860.0,3703860.0,62160.0,3102960.0,538740.0,68,0,False,True
random,100,congested,220,10,350,0.3090909090909091,0.0,7481.0526315789475,172,141.98,1444.1976176428818,7.293927361832736,7743.6,0.9856428571428572,76,13.028571428571428,-3685020.0,-3685020.0,3685020.0,167400.0,2981580.0,536040.0,68,0,False,True
rl,100,congested,220,10,350,0.29545454545454547,0.0,6731.470588235294,171,144.7342857142857,1504.484896443332,7.598408567895616,8441.739130434782,0.9535,68,11.657142857142858,-3726720.0,-3726720.0,3726720.0,174840.0,3039420.0,512460.0,65,0,False,True
greedy,101,congested,220,10,350,0.34545454545454546,0.0,7469.166666666667,172,145.40285714285713,770.8984043147418,3.9331551240548053,6430.0,0.7534047619047622,72,12.342857142857143,-3589140.0,-3589140.0,3589140.0,86340.0,3053460.0,449340.0,76,0,False,True
greedy_sequential,101,congested,220,10,350,0.35454545454545455,0.0,8441.379310344828,168,138.37428571428572,1011.715125510201,5.161811864847964,7782.71186440678,0.9966666666666667,87,14.914285714285715,-3608100.0,-3608100.0,3608100.0,116460.0,2905860.0,585780.0,78,0,False,True
nearest,101,congested,220,10,350,0.3,0.0,7849.846153846154,172,151.94857142857143,429.87169224494755,2.1932229196170794,8187.906976744186,0.8147857142857143,65,11.142857142857144,-3712740.0,-3712740.0,3712740.0,46860.0,3190920.0,474960.0,66,0,False,True
random,101,congested,220,10,350,0.35909090909090907,0.0,7299.75,167,137.05142857142857,1389.5819041051393,7.0897035923731595,7757.142857142857,0.9756904761904762,80,13.714285714285715,-3609300.0,-3609300.0,3609300.0,161340.0,2878080.0,569880.0,79,0,False,True
rl,101,congested,220,10,350,0.34545454545454546,0.0,6153.6,167,136.76285714285714,1430.6488644802662,7.299228900409521,7534.444444444444,0.9328095238095239,75,12.857142857142858,-3580980.0,-3580980.0,3580980.0,166320.0,2872020.0,542640.0,76,0,False,True
greedy,102,congested,220,10,350,0.36818181818181817,0.004545454545454545,7726.027397260274,168,140.9742857142857,904.7373461689947,4.712173677963514,7270.0,0.9312857142857143,73,12.514285714285714,-3545040.0,-3545040.0,3545040.0,103020.0,2960460.0,477960.0,81,1,False,True
greedy_sequential,102,congested,220,10,350,0.34545454545454546,0.004545454545454545,7968.9473684210525,166,138.20857142857142,1134.357911606378,5.908114122949885,7516.153846153846,0.9957857142857144,76,13.028571428571428,-3538260.0,-3538260.0,3538260.0,130920.0,2902380.0,501360.0,76,1,False,True
nearest,102,congested,220,10,350,0.2727272727272727,0.004545454545454545,6129.545454545455,173,157.24857142857144,402.15462998299455,2.0945553644947634,7512.727272727273,0.7027857142857143,44,7.542857142857144,-3666180.0,-3666180.0,3666180.0,43020.0,3302220.0,317340.0,60,1,False,True
random,102,congested,220,10,350,0.33181818181818185,0.004545454545454545,7219.411764705882,168,139.70285714285714,1542.3994405370304,8.0333304194637,7801.25,0.9494285714285715,68,11.657142857142858,-3582240.0,-3582240.0,3582240.0,179760.0,2933760.0,465120.0,73,1,False,True
rl,102,congested,220,10,350,0.35,0.004545454545454545,6584.347826086957,168,137.85714285714286,1614.8094017634846,8.410465634184815,7175.294117647059,0.9387142857142857,69,11.82857142857143,-3552840.0,-3552840.0,3552840.0,188100.0,2895000.0,466140.0,77,1,False,True
greedy,103,congested,220,10,350,0.3409090909090909,0.0,8034.285714285715,184,152.79142857142858,694.1350711711075,3.337187842168786,5346.363636363636,0.8893571428571428,84,14.4,-3707340.0,-3707340.0,3707340.0,77100.0,3208620.0,421620.0,75,0,False,True
greedy_sequential,103,congested,220,10,350,0.33181818181818185,0.0,8604.137931034482,185,150.38,966.4551910943626,4.646419187953667,5930.7692307692305,0.9949523809523809,87,14.914285714285715,-3728280.0,-3728280.0,3728280.0,110160.0,3157980.0,460140.0,73,0,False,True
nearest,103,congested,220,10,350,0.2772727272727273,0.0,8640.857142857143,188,162.82857142857142,401.962723343701,1.9325130929985623,6049.811320754717,0.8223571428571429,70,12.0,-3844260.0,-3844260.0,3844260.0,43020.0,3419400.0,381840.0,61,0,False,True
random,103,congested,220,10,350,0.33181818181818185,0.0,8409.655172413793,185,147.80857142857144,1453.983155653644,6.990303632950211,5682.461538461538,0.9919523809523809,87,14.914285714285715,-3730440.0,-3730440.0,3730440.0,168540.0,3103980.0,457920.0,73,0,False,True
rl,103,congested,220,10,350,0.31363636363636366,0.0,6982.4,183,149.75714285714287,1629.136648377996,7.832387732586519,6030.0,0.9483095238095235,75,12.857142857142858,-3765720.0,-3765720.0,3765720.0,189300.0,3144900.0,431520.0,69,0,False,True
greedy,104,congested,220,10,350,0.34545454545454546,0.0,7180.273972602739,181,150.31714285714287,714.0749703027052,3.517610691146331,5378.64406779661,0.9203571428571429,73,12.514285714285714,-3617580.0,-3617580.0,3617580.0,80460.0,3156660.0,380460.0,76,0,False,True
greedy_sequential,104,congested,220,10,350,0.37727272727272726,0.0,8597.802197802197,180,142.42285714285714,1252.1136641092046,6.168047606449283,5162.571428571428,0.9975714285714286,91,15.600000000000001,-3575280.0,-3575280.0,3575280.0,144420.0,2990880.0,439980.0,83,0,False,True
nearest,104,congested,220,10,350,0.31363636363636366,0.0,8176.764705882353,184,157.6057142857143,501.2102812206849,2.469016163648694,5670.566037735849,0.8372857142857143,68,11.657142857142858,-3712320.0,-3712320.0,3712320.0,55560.0,3309720.0,347040.0,69,0,False,True
random,104,congested,220,10,350,0.36818181818181817,0.0,8173.2558139534885,181,142.25714285714287,1725.683564265847,8.500904257467226,5381.818181818182,0.9812857142857142,86,14.742857142857144,-3620880.0,-3620880.0,3620880.0,201000.0,2987400.0,432480.0,81,0,False,True
rl,104,congested,220,10,350,0.35,0.0,7068.1578947368425,182,145.29142857142858,1756.7296058183533,8.653840422750509,5755.081967213115,0.9337142857142856,76,13.028571428571428,-3653040.0,-3653040.0,3653040.0,205020.0,3051120.0,396900.0,77,0,False,True
greedy,105,congested,220,10,350,0.32727272727272727,0.0,8358.75,176,151.81714285714287,795.7220232884977,4.0806257604538345,5520.0,0.7731190476190476,64,10.971428571428572,-3631320.0,-3631320.0,3631320.0,89340.0,3188160.0,353820.0,72,0,False,True
greedy_sequential,105,congested,220,10,350,0.33636363636363636,0.0,8373.6,172,141.71428571428572,1377.6496279196342,7.0648698867673545,7232.307692307692,0.9955714285714287,75,12.857142857142858,-3616260.0,-3616260.0,3616260.0,159360.0,2976000.0,480900.0,74,0,False,True
nearest,105,congested,220,10,350,0.3090909090909091,0.0,8423.606557377048,176,154.36285714285714,582.163307058674,2.9854528567111487,6432.272727272727,0.8343333333333334,61,10.457142857142857,-3676680.0,-3676680.0,3676680.0,63720.0,3241620.0,371340.0,68,0,False,True
random,105,congested,220,10,350,0.32727272727272727,0.0,7833.698630136986,171,140.28285714285715,1679.7762904571043,8.614237386959509,7102.8,0.9868571428571429,73,12.514285714285714,-3617460.0,-3617460.0,3617460.0,195600.0,2945940.0,475920.0,72,0,False,True
rl,105,congested,220,10,350,0.35454545454545455,0.0,8130.75,172,138.49428571428572,1843.1272619573886,9.451934676704557,6185.263157894737,0.969404761904762,80,13.714285714285715,-3591480.0,-3591480.0,3591480.0,215580.0,2908380.0,467520.0,78,0,False,True
greedy,106,congested,220,10,350,0.2727272727272727,0.0,8918.297872340425,188,165.43714285714285,762.0915846851697,3.868485201447562,4267.894736842105,0.49057142857142855,47,8.057142857142857,-3745620.0,-3745620.0,3745620.0,85740.0,3474180.0,185700.0,60,0,False,True
greedy_sequential,106,congested,220,10,350,0.30454545454545456,0.0,8924.383561643835,175,150.02285714285713,842.2724945512892,4.2754948961994375,7369.411764705882,0.9964285714285713,73,12.514285714285714,-3706020.0,-3706020.0,3706020.0,95700.0,3150480.0,459840.0,67,0,False,True
nearest,106,congested,220,10,350,0.2545454545454545,0.0,8938.823529411764,182,163.56857142857143,541.6360229241793,2.7494214361633467,7045.0,0.6999047619047619,51,8.742857142857144,-3809940.0,-3809940.0,3809940.0,60060.0,3434940.0,314940.0,56,0,False,True
random,106,congested,220,10,350,0.32272727272727275,0.0,8155.833333333333,175,147.07142857142858,1044.852781782421,5.303821227321935,6619.2,0.9908571428571428,72,12.342857142857143,-3665640.0,-3665640.0,3665640.0,119460.0,3088500.0,457680.0,71,0,False,True
rl,106,congested,220,10,350,0.32272727272727275,0.0,7313.538461538462,175,148.79142857142858,1206.3496860746086,6.1236024673838,7290.6122448979595,0.9406190476190476,65,11.142857142857144,-3690660.0,-3690660.0,3690660.0,139380.0,3124620.0,426660.0,71,0,False,True
greedy,107,congested,220,10,350,0.29545454545454547,0.0,7867.272727272727,176,153.6457142857143,858.3678239813559,4.291839119906779,7829.36170212766,0.873904761904762,66,11.314285714285715,-3780840.0,-3780840.0,3780840.0,97860.0,3226560.0,456420.0,65,0,False,True
greedy_sequential,107,congested,220,10,350,0.29545454545454547,0.0,7877.027027027027,174,146.90571428571428,1101.4851292053308,5.507425646026654,8076.734693877551,0.9957619047619047,74,12.685714285714287,-3734520.0,-3734520.0,3734520.0,127260.0,3085020.0,522240.0,65,0,False,True
nearest,107,congested,220,10,350,0.2636363636363636,0.0,7627.368421052632,179,159.54285714285714,525.9273765732235,2.629636882866117,8241.538461538461,0.8428571428571427,57,9.771428571428572,-3813540.0,-3813540.0,3813540.0,58140.0,3350400.0,405000.0,58,0,False,True
random,107,congested,220,10,350,0.30454545454545456,0.0,7991.2,175,146.09428571428572,1414.3326360794563,7.071663180397281,8090.4,0.9855952380952381,75,12.857142857142858,-3748200.0,-3748200.0,3748200.0,163680.0,3067980.0,516540.0,67,0,False,True
rl,107,congested,220,10,350,0.2909090909090909,0.0,6779.104477611941,174,146.55714285714285,1683.9905625322353,8.419952812661176,8337.391304347826,0.9627619047619047,67,11.485714285714286,-3773760.0,-3773760.0,3773760.0,196140.0,3077700.0,499920.0,64,0,False,True
greedy,108,congested,220,10,350,0.3,0.0,6679.285714285715,174,151.4,1020.5056004573905,5.233362053627644,8064.285714285715,0.8462142857142856,56,9.6,-3699240.0,-3699240.0,3699240.0,117000.0,3179400.0,402840.0,66,0,False,True
greedy_sequential,108,congested,220,10,350,0.2909090909090909,0.0,7872.0,172,147.89714285714285,1084.3693611837157,5.5608685188908495,8412.857142857143,0.9955714285714287,65,11.142857142857144,-3710340.0,-3710340.0,3710340.0,124800.0,3105840.0,479700.0,64,0,False,True
nearest,108,congested,220,10,350,0.24545454545454545,0.0,7111.304347826087,174,160.71428571428572,461.8208316834823,2.3683119573511915,10118.0,0.7935,46,7.885714285714286,-3811260.0,-3811260.0,3811260.0,50940.0,3375000.0,385320.0,54,0,False,True
random,108,congested,220,10,350,0.29545454545454547,0.0,7303.880597014925,171,144.0257142857143,1355.7231598994847,6.952426461022998,7954.666666666667,0.9865,67,11.485714285714286,-3657840.0,-3657840.0,3657840.0,157320.0,3024540.0,475980.0,65,0,False,True
rl,108,congested,220,10,350,0.3181818181818182,0.0,7119.705882352941,172,143.40571428571428,1521.0251065966752,7.800128751777821,7663.404255319149,0.9715,68,11.657142857142858,-3653460.0,-3653460.0,3653460.0,176760.0,3011520.0,465180.0,70,0,False,True
greedy,109,congested,220,10,350,0.36363636363636365,0.0,7875.211267605634,166,139.9,830.5164433633663,4.394266896102467,6484.8,0.8053571428571429,71,12.171428571428573,-3484500.0,-3484500.0,3484500.0,94560.0,2937900.0,452040.0,80,0,False,True
greedy_sequential,109,congested,220,10,350,0.37272727272727274,0.0,8203.291139240506,165,135.08857142857144,1025.7031289688846,5.42700068237505,6961.090909090909,0.9953571428571429,79,13.542857142857143,-3455400.0,-3455400.0,3455400.0,117600.0,2836860.0,500940.0,82,0,False,True
nearest,109,congested,220,10,350,0.36363636363636365,0.0,8422.81690140845,168,142.86857142857144,512.6952148569337,2.7126730944811306,6766.8,0.7969999999999999,71,12.171428571428573,-3494700.0,-3494700.0,3494700.0,55980.0,3000240.0,438480.0,80,0,False,True
random,109,congested,220,10,350,0.36363636363636365,0.0,7632.8,165,133.77428571428572,1516.9673166458088,8.026282098655074,7332.692307692308,0.9835714285714285,75,12.857142857142858,-3480660.0,-3480660.0,3480660.0,176580.0,2809260.0,494820.0,80,0,False,True
rl,109,congested,220,10,350,0.35454545454545455,0.0,6742.941176470588,163,133.17714285714285,1959.82279698319,10.369432788270847,7473.75,0.9445476190476191,68,11.657142857142858,-3491940.0,-3491940.0,3491940.0,229560.0,2796720.0,465660.0,78,0,False,True
greedy,110,congested,220,10,350,0.4,0.0,8206.42857142857,166,135.85142857142858,669.9739020677132,3.5261784319353326,6087.096774193548,0.8765952380952381,84,14.4,-3397260.0,-3397260.0,3397260.0,75420.0,2852880.0,468960.0,88,0,False,True
greedy_sequential,110,congested,220,10,350,0.4090909090909091,0.0,8426.511627906977,166,133.5857142857143,873.7811631546075,4.598848227129513,6364.8387096774195,0.9985714285714286,86,14.742857142857144,-3408120.0,-3408120.0,3408120.0,99840.0,2805300.0,502980.0,90,0,False,True
nearest,110,congested,220,10,350,0.4090909090909091,0.0,7629.62962962963,166,135.12571428571428,439.28947784773857,2.3120498834091503,6223.2786885245905,0.9843095238095237,81,13.885714285714286,-3377340.0,-3377340.0,3377340.0,48780.0,2837640.0,490920.0,90,0,False,True
random,110,congested,220,10,350,0.37727272727272726,0.0,7678.441558441558,166,135.2342857142857,1184.4910471604142,6.234163406107443,6598.9473684210525,0.9481428571428572,77,13.200000000000001,-3439860.0,-3439860.0,3439860.0,136560.0,2839920.0,463380.0,83,0,False,True
rl,110,congested,220,10,350,0.38636363636363635,0.0,7416.315789473684,165,136.57142857142858,1173.6727221679268,6.177224853515405,6896.785714285715,0.9491666666666667,76,13.028571428571428,-3470580.0,-3470580.0,3470580.0,135000.0,2868000.0,467580.0,85,0,False,True
greedy,111,congested,220,10,350,0.33636363636363636,0.0,6796.875,175,148.38857142857142,897.7421748310924,4.55706687731519,6280.0,0.7617857142857143,64,10.971428571428572,-3595980.0,-3595980.0,3595980.0,103320.0,3116160.0,376500.0,74,0,False,True
greedy_sequential,111,congested,220,10,350,0.32272727272727275,0.0,8543.376623376624,172,144.98857142857142,1105.778421572557,5.6130884343784615,7863.396226415094,0.996642857142857,77,13.200000000000001,-3674280.0,-3674280.0,3674280.0,127920.0,3044760.0,501600.0,71,0,False,True
nearest,111,congested,220,10,350,0.32727272727272727,0.0,7555.774647887324,173,147.14285714285714,602.2999869998674,3.05736034010085,7656.0,0.9748571428571429,71,12.171428571428573,-3641760.0,-3641760.0,3641760.0,68520.0,3090000.0,483240.0,72,0,False,True
random,111,congested,220,10,350,0.3181818181818182,0.0,6725.142857142857,172,142.22,1459.2588547774492,7.407405354200249,7046.25,0.9793571428571429,70,12.0,-3647520.0,-3647520.0,3647520.0,169380.0,2986620.0,491520.0,70,0,False,True
rl,111,congested,220,10,350,0.31363636363636366,0.0,7031.304347826087,172,142.00857142857143,1820.6323695560886,9.241788677949689,7437.551020408163,0.9509285714285713,69,11.82857142857143,-3660540.0,-3660540.0,3660540.0,213060.0,2982180.0,465300.0,69,0,False,True
greedy,112,congested,220,10,350,0.37727272727272726,0.0,7013.720930232558,168,137.21142857142857,801.2680701127142,4.046808434912698,6170.476190476191,0.8942380952380955,86,14.742857142857144,-3526680.0,-3526680.0,3526680.0,90720.0,2881440.0,554520.0,83,0,False,True
greedy_sequential,112,congested,220,10,350,0.42272727272727273,0.0,8144.271844660194,167,129.88,938.9681741844564,4.742263505982103,6760.273972602739,0.9959999999999999,103,17.65714285714286,-3461940.0,-3461940.0,3461940.0,107520.0,2727480.0,626940.0,93,0,False,True
nearest,112,congested,220,10,350,0.2772727272727273,0.0,7266.0,176,154.89714285714285,498.6933092946329,2.5186530772456206,8262.0,0.7444285714285714,60,10.285714285714286,-3744720.0,-3744720.0,3744720.0,54120.0,3252840.0,437760.0,61,0,False,True
random,112,congested,220,10,350,0.40454545454545454,0.0,7507.878787878788,166,128.07714285714286,1338.1168691594196,6.758166005855655,6754.782608695652,0.9863571428571429,99,16.97142857142857,-3464760.0,-3464760.0,3464760.0,155160.0,2689620.0,619980.0,89,0,False,True
rl,112,congested,220,10,350,0.35909090909090907,0.0,6287.710843373494,167,133.38285714285715,1527.4203841957305,7.714244364624902,7242.580645161291,0.9293095238095239,83,14.22857142857143,-3558360.0,-3558360.0,3558360.0,177480.0,2801040.0,579840.0,79,0,False,True
greedy,113,congested,220,10,350,0.38636363636363635,0.0,7283.571428571428,166,136.88571428571427,947.8938111994161,4.836192914282735,6744.923076923077,0.7752619047619047,84,14.4,-3536340.0,-3536340.0,3536340.0,108360.0,2874600.0,553380.0,85,0,False,True
greedy_sequential,113,congested,220,10,350,0.38636363636363635,0.0,7687.578947368421,162,128.72,1323.3816257786382,6.751947070299174,8156.190476190476,0.9916428571428572,95,16.28571428571429,-3542700.0,-3542700.0,3542700.0,153120.0,2703120.0,686460.0,85,0,False,True
nearest,113,congested,220,10,350,0.36818181818181817,0.0,7675.0,167,138.49714285714285,625.9718076517712,3.1937337125090366,7449.836065573771,0.8324523809523809,84,14.4,-3562620.0,-3562620.0,3562620.0,69720.0,2908440.0,584460.0,81,0,False,True
random,113,congested,220,10,350,0.37727272727272726,0.0,7793.684210526316,162,128.95142857142858,1783.9790656268551,9.101934008300281,8296.875,0.9647857142857141,95,16.28571428571429,-3585420.0,-3585420.0,3585420.0,208200.0,2707980.0,669240.0,83,0,False,True
rl,113,congested,220,10,350,0.36818181818181817,0.0,6267.857142857143,163,128.85142857142858,1978.7987543390184,10.095912011933768,7867.241379310345,0.9109047619047617,84,14.4,-3565020.0,-3565020.0,3565020.0,231420.0,2705880.0,627720.0,81,0,False,True
greedy,114,congested,220,10,350,0.39090909090909093,0.0,7113.846153846154,165,136.09714285714287,672.7284161747193,3.5221383045796824,6311.803278688524,0.7941428571428572,78,13.371428571428572,-3398940.0,-3398940.0,3398940.0,75240.0,2858040.0,465660.0,86,0,False,True
greedy_sequential,114,congested,220,10,350,0.41818181818181815,0.0,8688.6,161,127.94285714285714,948.8171082013084,4.967628838750306,7069.714285714285,0.9907380952380953,100,17.142857142857142,-3417900.0,-3417900.0,3417900.0,108240.0,2686800.0,622860.0,92,0,False,True
nearest,114,congested,220,10,350,0.3181818181818182,0.0,6307.5,163,143.15714285714284,435.61455361480483,2.28070446918746,8510.869565217392,0.8202380952380952,64,10.971428571428572,-3532980.0,-3532980.0,3532980.0,47580.0,3006300.0,479100.0,70,0,False,True
random,114,congested,220,10,350,0.41363636363636364,0.0,7821.25,161,125.73142857142857,1172.19231542466,6.137132541490366,7080.895522388059,0.9859047619047618,96,16.45714285714286,-3394620.0,-3394620.0,3394620.0,134820.0,2640360.0,619440.0,91,0,False,True
rl,114,congested,220,10,350,0.41363636363636364,0.0,6608.9655172413795,160,124.67714285714285,1583.0061639705223,8.287990387280221,6732.0,0.8996190476190475,87,14.914285714285715,-3351600.0,-3351600.0,3351600.0,184080.0,2618220.0,549300.0,91,0,False,True
greedy,115,congested,220,10,350,0.41363636363636364,0.0,7673.478260869565,173,136.00571428571428,1039.4842935115782,5.197421467557891,5560.56338028169,0.9272142857142859,92,15.771428571428572,-3465120.0,-3465120.0,3465120.0,118620.0,2856120.0,490380.0,91,0,False,True
greedy_sequential,115,congested,220,10,350,0.35454545454545455,0.0,7426.588235294118,174,136.56571428571428,1511.749812656798,7.55874906328399,6307.741935483871,0.9809761904761907,85,14.571428571428573,-3556740.0,-3556740.0,3556740.0,175800.0,2867880.0,513060.0,78,0,False,True
nearest,115,congested,220,10,350,0.3181818181818182,0.0,7415.294117647059,178,150.83714285714285,647.3158907608633,3.2365794538043167,5996.538461538462,0.6746428571428572,68,11.657142857142858,-3622620.0,-3622620.0,3622620.0,72360.0,3167580.0,382680.0,70,0,False,True
random,115,congested,220,10,350,0.38181818181818183,0.0,8006.451612903225,174,133.82,1903.6762441889205,9.518381220944603,6044.117647058823,0.977404761904762,93,15.942857142857143,-3545340.0,-3545340.0,3545340.0,222660.0,2810220.0,512460.0,84,0,False,True
rl,115,congested,220,10,350,0.35454545454545455,0.0,6696.455696202532,173,134.78,2415.602258547208,12.07801129273604,6246.206896551724,0.9341190476190476,79,13.542857142857143,-3592980.0,-3592980.0,3592980.0,284220.0,2830380.0,478380.0,78,0,False,True
greedy,116,congested,220,10,350,0.2772727272727273,0.0,7052.903225806452,172,153.48285714285714,636.8204128235301,3.21626471122995,9078.57142857143,0.951809523809524,62,10.62857142857143,-3791760.0,-3791760.0,3791760.0,71340.0,3223140.0,497280.0,61,0,False,True
greedy_sequential,116,congested,220,10,350,0.2772727272727273,0.0,7547.272727272727,172,150.03428571428572,959.5194938104192,4.846058049547572,9269.268292682927,0.999095238095238,66,11.314285714285715,-3784560.0,-3784560.0,3784560.0,109380.0,3150720.0,524460.0,61,0,False,True
nearest,116,congested,220,10,350,0.2545454545454545,0.0,7797.818181818182,178,160.73714285714286,373.0724553176729,1.8842043197862268,8736.666666666666,0.831238095238095,55,9.428571428571429,-3834720.0,-3834720.0,3834720.0,40560.0,3375480.0,418680.0,56,0,False,True
random,116,congested,220,10,350,0.2727272727272727,0.0,7572.1875,173,149.66285714285715,1429.6289103399483,7.220348032019941,10012.307692307691,0.9856428571428572,64,10.971428571428572,-3826980.0,-3826980.0,3826980.0,165180.0,3142920.0,518880.0,60,0,False,True
rl,116,congested,220,10,350,0.2818181818181818,0.0,7679.117647058823,173,147.48285714285714,1615.7947068718547,8.160579327635629,9005.581395348838,0.9744047619047619,68,11.657142857142858,-3797460.0,-3797460.0,3797460.0,188100.0,3097140.0,512220.0,62,0,False,True
greedy,117,congested,220,10,350,0.37727272727272726,0.0,8001.428571428572,182,147.39714285714285,940.924001449935,4.6123725561271325,4791.176470588235,0.719595238095238,84,14.4,-3581280.0,-3581280.0,3581280.0,107940.0,3095340.0,378000.0,83,0,False,True
greedy_sequential,117,congested,220,10,350,0.39090909090909093,0.0,8333.684210526315,176,141.06285714285715,1023.7751916934434,5.018505841634527,5880.845070422535,1.0,95,16.28571428571429,-3584520.0,-3584520.0,3584520.0,118200.0,2962320.0,504000.0,86,0,False,True
nearest,117,congested,220,10,350,0.2545454545454545,0.0,8450.0,187,163.73714285714286,523.6301325167939,2.566814375082323,6750.697674418605,0.8,60,10.285714285714286,-3854640.0,-3854640.0,3854640.0,59160.0,3438480.0,357000.0,56,0,False,True
random,117,congested,220,10,350,0.36363636363636365,0.0,7562.696629213483,177,139.90571428571428,1492.452883905688,7.315945509341607,5834.328358208955,0.9808809523809524,89,15.257142857142858,-3602640.0,-3602640.0,3602640.0,173040.0,2938020.0,491580.0,80,0,False,True
rl,117,congested,220,10,350,0.35,0.0,6120.0,178,140.7057142857143,1850.6366704019017,9.071748384323048,5903.4375,0.9437857142857144,78,13.371428571428572,-3632520.0,-3632520.0,3632520.0,215760.0,2954820.0,461940.0,77,0,False,True
greedy,118,congested,220,10,350,0.33181818181818185,0.0,8057.46835443038,176,147.12571428571428,662.5907625213501,3.3129538126067506,6012.857142857143,0.9249285714285713,79,13.542857142857143,-3653460.0,-3653460.0,3653460.0,73740.0,3089640.0,490080.0,73,0,False,True
greedy_sequential,118,congested,220,10,350,0.3090909090909091,0.0,7969.367088607595,174,144.0457142857143,1087.017875316562,5.43508937658281,7783.018867924528,0.9981666666666668,79,13.542857142857143,-3694980.0,-3694980.0,3694980.0,125220.0,3024960.0,544800.0,68,0,False,True
nearest,118,congested,220,10,350,0.2727272727272727,0.0,7872.0,182,158.68571428571428,436.3928229261012,2.1819641146305058,6665.454545454545,0.794095238095238,60,10.285714285714286,-3753840.0,-3753840.0,3753840.0,47160.0,3332400.0,374280.0,60,0,False,True
random,118,congested,220,10,350,0.32727272727272727,0.0,7995.555555555556,174,141.98,1539.2172096618888,7.696086048309444,7529.454545454545,0.9837619047619046,81,13.885714285714286,-3697080.0,-3697080.0,3697080.0,178920.0,2981580.0,536580.0,72,0,False,True
rl,118,congested,220,10,350,0.3090909090909091,0.0,7262.368421052632,173,143.1457142857143,1575.205057624244,7.8760252881212205,8030.943396226415,0.9530238095238094,76,13.028571428571428,-3706260.0,-3706260.0,3706260.0,183180.0,3006060.0,517020.0,68,0,False,True
greedy,119,congested,220,10,350,0.4,0.0,7800.6741573033705,173,139.02,954.3647294595851,4.79580266060093,5820.0,0.7454047619047619,89,15.257142857142858,-3519900.0,-3519900.0,3519900.0,108840.0,2919420.0,491640.0,88,0,False,True
greedy_sequential,119,congested,220,10,350,0.37272727272727274,0.0,8415.625,170,135.37428571428572,1257.5875765854703,6.319535560731007,7353.134328358209,0.9926190476190475,96,16.45714285714286,-3592440.0,-3592440.0,3592440.0,145260.0,2842860.0,604320.0,82,0,False,True
nearest,119,congested,220,10,350,0.3,0.0,7718.823529411765,172,152.42285714285714,500.16207651887237,2.513377268939057,7837.021276595745,0.8154047619047619,68,11.657142857142858,-3737520.0,-3737520.0,3737520.0,54720.0,3200880.0,481920.0,66,0,False,True
random,119,congested,220,10,350,0.39090909090909093,0.0,8538.125,170,135.66571428571427,1498.9930210147572,7.532628246305313,7345.074626865671,0.9778571428571429,96,16.45714285714286,-3618240.0,-3618240.0,3618240.0,174060.0,2848980.0,595200.0,86,0,False,True
rl,119,congested,220,10,350,0.4,0.0,7158.260869565217,169,131.59142857142857,1724.1968993100054,8.664306026683445,6267.826086956522,0.9256190476190476,92,15.771428571428572,-3525780.0,-3525780.0,3525780.0,200160.0,2763420.0,562200.0,88,0,False,True
